вт	162 	втр╪╟шб╫й╟╥║	18912370162	533422198902110162	6222020118912300162	19
вт	163 	втр╪╟шб╫й╟хЧ	18912370163	533422198902110163	6222020118912300163	19
вт	164 	втр╪╟шб╫й╟ка	18912370164	533422198902110164	6222020118912300164	19
вт	165 	втр╪╟шб╫й╟нИ	18912370165	533422198902110165	6222020118912300165	19
вт	166 	втр╪╟шб╫й╟б╫	18912370166	533422198902110166	6222020118912300166	19
вт	167 	втр╪╟шб╫й╟фБ	18912370167	533422198902110167	6222020118912300167	19
вт	168 	втр╪╟шб╫й╟╟ф	18912370168	533422198902110168	6222020118912300168	19
вт	169 	втр╪╟шб╫й╟╬а	18912370169	533422198902110169	6222020118912300169	19
вт	170 	втр╪╟шфБй╟	18912370170	533422198902110170	6222020118912300170	19
вт	171 	втр╪╟шфБй╟р╪	18912370171	533422198902110171	6222020118912300171	19
вт	172 	втр╪╟шфБй╟╥║	18912370172	533422198902110172	6222020118912300172	19
вт	173 	втр╪╟шфБй╟хЧ	18912370173	533422198902110173	6222020118912300173	19
вт	174 	втр╪╟шфБй╟ка	18912370174	533422198902110174	6222020118912300174	
вт	175 	втр╪╟шфБй╟нИ	18912370175	533422198902110175	6222020118912300175	
вт	176 	втр╪╟шфБй╟б╫	18912370176	533422198902110176	6222020118912300176	
вт	177 	втр╪╟шфБй╟фБ	18912370177	533422198902110177	6222020118912300177	
вт	178 	втр╪╟шфБй╟╟ф	18912370178	533422198902110178	6222020118912300178	
вт	179 	втр╪╟шфБй╟╬а	18912370179	533422198902110179	6222020118912300179	
вт	180 	втр╪╟ш╟фй╟	18912370180	533422198902110180	6222020118912300180	
вт	181 	втр╪╟ш╟фй╟р╪	18912370181	533422198902110181	6222020118912300181	
вт	182 	втр╪╟ш╟фй╟╥║	18912370182	533422198902110182	6222020118912300182	
вт	183 	втр╪╟ш╟фй╟хЧ	18912370183	533422198902110183	6222020118912300183	
вт	184 	втр╪╟ш╟фй╟ка	18912370184	533422198902110184	6222020118912300184	
вт	185 	втр╪╟ш╟фй╟нИ	18912370185	533422198902110185	6222020118912300185	
вт	186 	втр╪╟ш╟фй╟б╫	18912370186	533422198902110186	6222020118912300186	
вт	187 	втр╪╟ш╟фй╟фБ	18912370187	533422198902110187	6222020118912300187	
вт	188 	втр╪╟ш╟фй╟╟ф	18912370188	533422198902110188	6222020118912300188	
вт	189 	втр╪╟ш╟фй╟╬а	18912370189	533422198902110189	6222020118912300189	
вт	190 	втр╪╟ш╬ай╟	18912370190	533422198902110190	6222020118912300190	
вт	191 	втр╪╟ш╬ай╟р╪	18912370191	533422198902110191	6222020118912300191	
вт	192 	втр╪╟ш╬ай╟╥║	18912370192	533422198902110192	6222020118912300192	
вт	193 	втр╪╟ш╬ай╟хЧ	18912370193	533422198902110193	6222020118912300193	
вт	194 	втр╪╟ш╬ай╟ка	18912370194	533422198902110194	6222020118912300194	
вт	195 	втр╪╟ш╬ай╟нИ	18912370195	533422198902110195	6222020118912300195	
вт	196 	втр╪╟ш╬ай╟б╫	18912370196	533422198902110196	6222020118912300196	
вт	197 	втр╪╟ш╬ай╟фБ	18912370197	533422198902110197	6222020118912300197	
вт	198 	втр╪╟ш╬ай╟╟ф	18912370198	533422198902110198	6222020118912300198	
вт	199 	втр╪╟ш╬ай╟╬а	18912370199	533422198902110199	6222020118912300199	
вт	200 	вт╥║╟ш	18912370200	533422198902110200	6222020118912300200	
вт	201 	вт╥║╟шаЦр╪	18912370201	533422198902110201	6222020118912300201	
вт	202 	вт╥║╟шаЦ╥║	18912370202	533422198902110202	6222020118912300202	
вт	203 	вт╥║╟шаЦхЧ	18912370203	533422198902110203	6222020118912300203	
вт	204 	вт╥║╟шаЦка	18912370204	533422198902110204	6222020118912300204	
вт	205 	вт╥║╟шаЦнИ	18912370205	533422198902110205	6222020118912300205	
вт	206 	вт╥║╟шаЦб╫	18912370206	533422198902110206	6222020118912300206	
вт	207 	вт╥║╟шаЦфБ	18912370207	533422198902110207	6222020118912300207	
вт	208 	вт╥║╟шаЦ╟ф	18912370208	533422198902110208	6222020118912300208	
вт	209 	вт╥║╟шаЦ╬а	18912370209	533422198902110209	6222020118912300209	
вт	210 	вт╥║╟шр╪й╟	18912370210	533422198902110210	6222020118912300210	
вт	211 	вт╥║╟шр╪й╟р╪	18912370211	533422198902110211	6222020118912300211	
вт	212 	вт╥║╟шр╪й╟╥║	18912370212	533422198902110212	6222020118912300212	
вт	213 	вт╥║╟шр╪й╟хЧ	18912370213	533422198902110213	6222020118912300213	
вт	214 	вт╥║╟шр╪й╟ка	18912370214	533422198902110214	6222020118912300214	
вт	215 	вт╥║╟шр╪й╟нИ	18912370215	533422198902110215	6222020118912300215	
вт	216 	вт╥║╟шр╪й╟б╫	18912370216	533422198902110216	6222020118912300216	
вт	217 	вт╥║╟шр╪й╟фБ	18912370217	533422198902110217	6222020118912300217	
вт	218 	вт╥║╟шр╪й╟╟ф	18912370218	533422198902110218	6222020118912300218	
вт	219 	вт╥║╟шр╪й╟╬а	18912370219	533422198902110219	6222020118912300219	
вт	220 	вт╥║╟ш╥║й╟	18912370220	533422198902110220	6222020118912300220	
вт	221 	вт╥║╟ш╥║й╟р╪	18912370221	533422198902110221	6222020118912300221	
вт	222 	вт╥║╟ш╥║й╟╥║	18912370222	533422198902110222	6222020118912300222	
вт	223 	вт╥║╟ш╥║й╟хЧ	18912370223	533422198902110223	6222020118912300223	
вт	224 	вт╥║╟ш╥║й╟ка	18912370224	533422198902110224	6222020118912300224	
вт	225 	вт╥║╟ш╥║й╟нИ	18912370225	533422198902110225	6222020118912300225	
вт	226 	вт╥║╟ш╥║й╟б╫	18912370226	533422198902110226	6222020118912300226	
вт	227 	вт╥║╟ш╥║й╟фБ	18912370227	533422198902110227	6222020118912300227	
вт	228 	вт╥║╟ш╥║й╟╟ф	18912370228	533422198902110228	6222020118912300228	
вт	229 	вт╥║╟ш╥║й╟╬а	18912370229	533422198902110229	6222020118912300229	
вт	230 	вт╥║╟шхЧй╟	18912370230	533422198902110230	6222020118912300230	
вт	231 	вт╥║╟шхЧй╟р╪	18912370231	533422198902110231	6222020118912300231	
вт	232 	вт╥║╟шхЧй╟╥║	18912370232	533422198902110232	6222020118912300232	
вт	233 	вт╥║╟шхЧй╟хЧ	18912370233	533422198902110233	6222020118912300233	
вт	234 	вт╥║╟шхЧй╟ка	18912370234	533422198902110234	6222020118912300234	
вт	235 	вт╥║╟шхЧй╟нИ	18912370235	533422198902110235	6222020118912300235	
вт	236 	вт╥║╟шхЧй╟б╫	18912370236	533422198902110236	6222020118912300236	
вт	237 	вт╥║╟шхЧй╟фБ	18912370237	533422198902110237	6222020118912300237	
вт	238 	вт╥║╟шхЧй╟╟ф	18912370238	533422198902110238	6222020118912300238	
вт	239 	вт╥║╟шхЧй╟╬а	18912370239	533422198902110239	6222020118912300239	
вт	240 	вт╥║╟шкай╟	18912370240	533422198902110240	6222020118912300240	
вт	241 	вт╥║╟шкай╟р╪	18912370241	533422198902110241	6222020118912300241	
вт	242 	вт╥║╟шкай╟╥║	18912370242	533422198902110242	6222020118912300242	
вт	243 	вт╥║╟шкай╟хЧ	18912370243	533422198902110243	6222020118912300243	
вт	244 	вт╥║╟шкай╟ка	18912370244	533422198902110244	6222020118912300244	
вт	245 	вт╥║╟шкай╟нИ	18912370245	533422198902110245	6222020118912300245	
вт	246 	вт╥║╟шкай╟б╫	18912370246	533422198902110246	6222020118912300246	
вт	247 	вт╥║╟шкай╟фБ	18912370247	533422198902110247	6222020118912300247	
вт	248 	вт╥║╟шкай╟╟ф	18912370248	533422198902110248	6222020118912300248	
вт	249 	вт╥║╟шкай╟╬а	18912370249	533422198902110249	6222020118912300249	
вт	250 	вт╥║╟шнИй╟	18912370250	533422198902110250	6222020118912300250	
вт	251 	вт╥║╟шнИй╟р╪	18912370251	533422198902110251	6222020118912300251	
вт	252 	вт╥║╟шнИй╟╥║	18912370252	533422198902110252	6222020118912300252	
вт	253 	вт╥║╟шнИй╟хЧ	18912370253	533422198902110253	6222020118912300253	
вт	254 	вт╥║╟шнИй╟ка	18912370254	533422198902110254	6222020118912300254	
вт	255 	вт╥║╟шнИй╟нИ	18912370255	533422198902110255	6222020118912300255	
вт	256 	вт╥║╟шнИй╟б╫	18912370256	533422198902110256	6222020118912300256	
вт	257 	вт╥║╟шнИй╟фБ	18912370257	533422198902110257	6222020118912300257	
вт	258 	вт╥║╟шнИй╟╟ф	18912370258	533422198902110258	6222020118912300258	
вт	259 	вт╥║╟шнИй╟╬а	18912370259	533422198902110259	6222020118912300259	
вт	260 	вт╥║╟шб╫й╟	18912370260	533422198902110260	6222020118912300260	
вт	261 	вт╥║╟шб╫й╟р╪	18912370261	533422198902110261	6222020118912300261	
вт	262 	вт╥║╟шб╫й╟╥║	18912370262	533422198902110262	6222020118912300262	
вт	263 	вт╥║╟шб╫й╟хЧ	18912370263	533422198902110263	6222020118912300263	
вт	264 	вт╥║╟шб╫й╟ка	18912370264	533422198902110264	6222020118912300264	
вт	265 	вт╥║╟шб╫й╟нИ	18912370265	533422198902110265	6222020118912300265	
вт	266 	вт╥║╟шб╫й╟б╫	18912370266	533422198902110266	6222020118912300266	
вт	267 	вт╥║╟шб╫й╟фБ	18912370267	533422198902110267	6222020118912300267	
вт	268 	вт╥║╟шб╫й╟╟ф	18912370268	533422198902110268	6222020118912300268	
вт	269 	вт╥║╟шб╫й╟╬а	18912370269	533422198902110269	6222020118912300269	
вт	270 	вт╥║╟шфБй╟	18912370270	533422198902110270	6222020118912300270	
вт	271 	вт╥║╟шфБй╟р╪	18912370271	533422198902110271	6222020118912300271	
вт	272 	вт╥║╟шфБй╟╥║	18912370272	533422198902110272	6222020118912300272	
вт	273 	вт╥║╟шфБй╟хЧ	18912370273	533422198902110273	6222020118912300273	
вт	274 	вт╥║╟шфБй╟ка	18912370274	533422198902110274	6222020118912300274	
вт	275 	вт╥║╟шфБй╟нИ	18912370275	533422198902110275	6222020118912300275	
вт	276 	вт╥║╟шфБй╟б╫	18912370276	533422198902110276	6222020118912300276	
вт	277 	вт╥║╟шфБй╟фБ	18912370277	533422198902110277	6222020118912300277	
вт	278 	вт╥║╟шфБй╟╟ф	18912370278	533422198902110278	6222020118912300278	
вт	279 	вт╥║╟шфБй╟╬а	18912370279	533422198902110279	6222020118912300279	
вт	280 	вт╥║╟ш╟фй╟	18912370280	533422198902110280	6222020118912300280	
вт	281 	вт╥║╟ш╟фй╟р╪	18912370281	533422198902110281	6222020118912300281	
вт	282 	вт╥║╟ш╟фй╟╥║	18912370282	533422198902110282	6222020118912300282	
вт	283 	вт╥║╟ш╟фй╟хЧ	18912370283	533422198902110283	6222020118912300283	
вт	284 	вт╥║╟ш╟фй╟ка	18912370284	533422198902110284	6222020118912300284	
вт	285 	вт╥║╟ш╟фй╟нИ	18912370285	533422198902110285	6222020118912300285	
вт	286 	вт╥║╟ш╟фй╟б╫	18912370286	533422198902110286	6222020118912300286	
вт	287 	вт╥║╟ш╟фй╟фБ	18912370287	533422198902110287	6222020118912300287	
вт	288 	вт╥║╟ш╟фй╟╟ф	18912370288	533422198902110288	6222020118912300288	
вт	289 	вт╥║╟ш╟фй╟╬а	18912370289	533422198902110289	6222020118912300289	
вт	290 	вт╥║╟ш╬ай╟	18912370290	533422198902110290	6222020118912300290	
вт	291 	вт╥║╟ш╬ай╟р╪	18912370291	533422198902110291	6222020118912300291	
вт	292 	вт╥║╟ш╬ай╟╥║	18912370292	533422198902110292	6222020118912300292	
вт	293 	вт╥║╟ш╬ай╟хЧ	18912370293	533422198902110293	6222020118912300293	
вт	294 	вт╥║╟ш╬ай╟ка	18912370294	533422198902110294	6222020118912300294	
вт	295 	вт╥║╟ш╬ай╟нИ	18912370295	533422198902110295	6222020118912300295	
вт	296 	вт╥║╟ш╬ай╟б╫	18912370296	533422198902110296	6222020118912300296	
вт	297 	вт╥║╟ш╬ай╟фБ	18912370297	533422198902110297	6222020118912300297	
вт	298 	вт╥║╟ш╬ай╟╟ф	18912370298	533422198902110298	6222020118912300298	
вт	299 	вт╥║╟ш╬ай╟╬а	18912370299	533422198902110299	6222020118912300299	
вт	300 	втхЧ╟ш	18912370300	533422198902110300	6222020118912300300	
вт	301 	втхЧ╟шаЦр╪	18912370301	533422198902110301	6222020118912300301	
вт	302 	втхЧ╟шаЦ╥║	18912370302	533422198902110302	6222020118912300302	
вт	303 	втхЧ╟шаЦхЧ	18912370303	533422198902110303	6222020118912300303	
вт	304 	втхЧ╟шаЦка	18912370304	533422198902110304	6222020118912300304	
вт	305 	втхЧ╟шаЦнИ	18912370305	533422198902110305	6222020118912300305	
вт	306 	втхЧ╟шаЦб╫	18912370306	533422198902110306	6222020118912300306	
вт	307 	втхЧ╟шаЦфБ	18912370307	533422198902110307	6222020118912300307	
вт	308 	втхЧ╟шаЦ╟ф	18912370308	533422198902110308	6222020118912300308	
вт	309 	втхЧ╟шаЦ╬а	18912370309	533422198902110309	6222020118912300309	
вт	310 	втхЧ╟шр╪й╟	18912370310	533422198902110310	6222020118912300310	
вт	311 	втхЧ╟шр╪й╟р╪	18912370311	533422198902110311	6222020118912300311	
вт	312 	втхЧ╟шр╪й╟╥║	18912370312	533422198902110312	6222020118912300312	
вт	313 	втхЧ╟шр╪й╟хЧ	18912370313	533422198902110313	6222020118912300313	
вт	314 	втхЧ╟шр╪й╟ка	18912370314	533422198902110314	6222020118912300314	
вт	315 	втхЧ╟шр╪й╟нИ	18912370315	533422198902110315	6222020118912300315	
вт	316 	втхЧ╟шр╪й╟б╫	18912370316	533422198902110316	6222020118912300316	
вт	317 	втхЧ╟шр╪й╟фБ	18912370317	533422198902110317	6222020118912300317	
вт	318 	втхЧ╟шр╪й╟╟ф	18912370318	533422198902110318	6222020118912300318	
вт	319 	втхЧ╟шр╪й╟╬а	18912370319	533422198902110319	6222020118912300319	
вт	320 	втхЧ╟ш╥║й╟	18912370320	533422198902110320	6222020118912300320	
вт	321 	втхЧ╟ш╥║й╟р╪	18912370321	533422198902110321	6222020118912300321	
вт	322 	втхЧ╟ш╥║й╟╥║	18912370322	533422198902110322	6222020118912300322	
вт	323 	втхЧ╟ш╥║й╟хЧ	18912370323	533422198902110323	6222020118912300323	
вт	324 	втхЧ╟ш╥║й╟ка	18912370324	533422198902110324	6222020118912300324	
вт	325 	втхЧ╟ш╥║й╟нИ	18912370325	533422198902110325	6222020118912300325	
вт	326 	втхЧ╟ш╥║й╟б╫	18912370326	533422198902110326	6222020118912300326	
вт	327 	втхЧ╟ш╥║й╟фБ	18912370327	533422198902110327	6222020118912300327	
вт	328 	втхЧ╟ш╥║й╟╟ф	18912370328	533422198902110328	6222020118912300328	
вт	329 	втхЧ╟ш╥║й╟╬а	18912370329	533422198902110329	6222020118912300329	
вт	330 	втхЧ╟шхЧй╟	18912370330	533422198902110330	6222020118912300330	
вт	331 	втхЧ╟шхЧй╟р╪	18912370331	533422198902110331	6222020118912300331	
вт	332 	втхЧ╟шхЧй╟╥║	18912370332	533422198902110332	6222020118912300332	
вт	333 	втхЧ╟шхЧй╟хЧ	18912370333	533422198902110333	6222020118912300333	
вт	334 	втхЧ╟шхЧй╟ка	18912370334	533422198902110334	6222020118912300334	
вт	335 	втхЧ╟шхЧй╟нИ	18912370335	533422198902110335	6222020118912300335	
вт	336 	втхЧ╟шхЧй╟б╫	18912370336	533422198902110336	6222020118912300336	
вт	337 	втхЧ╟шхЧй╟фБ	18912370337	533422198902110337	6222020118912300337	
вт	338 	втхЧ╟шхЧй╟╟ф	18912370338	533422198902110338	6222020118912300338	
вт	339 	втхЧ╟шхЧй╟╬а	18912370339	533422198902110339	6222020118912300339	
вт	340 	втхЧ╟шкай╟	18912370340	533422198902110340	6222020118912300340	
вт	341 	втхЧ╟шкай╟р╪	18912370341	533422198902110341	6222020118912300341	
вт	342 	втхЧ╟шкай╟╥║	18912370342	533422198902110342	6222020118912300342	
вт	343 	втхЧ╟шкай╟хЧ	18912370343	533422198902110343	6222020118912300343	
вт	344 	втхЧ╟шкай╟ка	18912370344	533422198902110344	6222020118912300344	
вт	345 	втхЧ╟шкай╟нИ	18912370345	533422198902110345	6222020118912300345	
вт	346 	втхЧ╟шкай╟б╫	18912370346	533422198902110346	6222020118912300346	
вт	347 	втхЧ╟шкай╟фБ	18912370347	533422198902110347	6222020118912300347	
вт	348 	втхЧ╟шкай╟╟ф	18912370348	533422198902110348	6222020118912300348	
вт	349 	втхЧ╟шкай╟╬а	18912370349	533422198902110349	6222020118912300349	
вт	350 	втхЧ╟шнИй╟	18912370350	533422198902110350	6222020118912300350	
вт	351 	втхЧ╟шнИй╟р╪	18912370351	533422198902110351	6222020118912300351	
вт	352 	втхЧ╟шнИй╟╥║	18912370352	533422198902110352	6222020118912300352	
вт	353 	втхЧ╟шнИй╟хЧ	18912370353	533422198902110353	6222020118912300353	
вт	354 	втхЧ╟шнИй╟ка	18912370354	533422198902110354	6222020118912300354	
вт	355 	втхЧ╟шнИй╟нИ	18912370355	533422198902110355	6222020118912300355	
вт	356 	втхЧ╟шнИй╟б╫	18912370356	533422198902110356	6222020118912300356	
вт	357 	втхЧ╟шнИй╟фБ	18912370357	533422198902110357	6222020118912300357	
вт	358 	втхЧ╟шнИй╟╟ф	18912370358	533422198902110358	6222020118912300358	
вт	359 	втхЧ╟шнИй╟╬а	18912370359	533422198902110359	6222020118912300359	
вт	360 	втхЧ╟шб╫й╟	18912370360	533422198902110360	6222020118912300360	
вт	361 	втхЧ╟шб╫й╟р╪	18912370361	533422198902110361	6222020118912300361	
вт	362 	втхЧ╟шб╫й╟╥║	18912370362	533422198902110362	6222020118912300362	
вт	363 	втхЧ╟шб╫й╟хЧ	18912370363	533422198902110363	6222020118912300363	
вт	364 	втхЧ╟шб╫й╟ка	18912370364	533422198902110364	6222020118912300364	
вт	365 	втхЧ╟шб╫й╟нИ	18912370365	533422198902110365	6222020118912300365	
вт	366 	втхЧ╟шб╫й╟б╫	18912370366	533422198902110366	6222020118912300366	
вт	367 	втхЧ╟шб╫й╟фБ	18912370367	533422198902110367	6222020118912300367	
вт	368 	втхЧ╟шб╫й╟╟ф	18912370368	533422198902110368	6222020118912300368	
вт	369 	втхЧ╟шб╫й╟╬а	18912370369	533422198902110369	6222020118912300369	
вт	370 	втхЧ╟шфБй╟	18912370370	533422198902110370	6222020118912300370	
вт	371 	втхЧ╟шфБй╟р╪	18912370371	533422198902110371	6222020118912300371	
вт	372 	втхЧ╟шфБй╟╥║	18912370372	533422198902110372	6222020118912300372	
вт	373 	втхЧ╟шфБй╟хЧ	18912370373	533422198902110373	6222020118912300373	
вт	374 	втхЧ╟шфБй╟ка	18912370374	533422198902110374	6222020118912300374	
вт	375 	втхЧ╟шфБй╟нИ	18912370375	533422198902110375	6222020118912300375	
вт	376 	втхЧ╟шфБй╟б╫	18912370376	533422198902110376	6222020118912300376	
вт	377 	втхЧ╟шфБй╟фБ	18912370377	533422198902110377	6222020118912300377	
вт	378 	втхЧ╟шфБй╟╟ф	18912370378	533422198902110378	6222020118912300378	
вт	379 	втхЧ╟шфБй╟╬а	18912370379	533422198902110379	6222020118912300379	
вт	380 	втхЧ╟ш╟фй╟	18912370380	533422198902110380	6222020118912300380	
вт	381 	втхЧ╟ш╟фй╟р╪	18912370381	533422198902110381	6222020118912300381	
вт	382 	втхЧ╟ш╟фй╟╥║	18912370382	533422198902110382	6222020118912300382	
вт	383 	втхЧ╟ш╟фй╟хЧ	18912370383	533422198902110383	6222020118912300383	
вт	384 	втхЧ╟ш╟фй╟ка	18912370384	533422198902110384	6222020118912300384	
вт	385 	втхЧ╟ш╟фй╟нИ	18912370385	533422198902110385	6222020118912300385	
вт	386 	втхЧ╟ш╟фй╟б╫	18912370386	533422198902110386	6222020118912300386	
вт	387 	втхЧ╟ш╟фй╟фБ	18912370387	533422198902110387	6222020118912300387	
вт	388 	втхЧ╟ш╟фй╟╟ф	18912370388	533422198902110388	6222020118912300388	
вт	389 	втхЧ╟ш╟фй╟╬а	18912370389	533422198902110389	6222020118912300389	
вт	390 	втхЧ╟ш╬ай╟	18912370390	533422198902110390	6222020118912300390	
вт	391 	втхЧ╟ш╬ай╟р╪	18912370391	533422198902110391	6222020118912300391	
вт	392 	втхЧ╟ш╬ай╟╥║	18912370392	533422198902110392	6222020118912300392	
вт	393 	втхЧ╟ш╬ай╟хЧ	18912370393	533422198902110393	6222020118912300393	
вт	394 	втхЧ╟ш╬ай╟ка	18912370394	533422198902110394	6222020118912300394	
вт	395 	втхЧ╟ш╬ай╟нИ	18912370395	533422198902110395	6222020118912300395	
вт	396 	втхЧ╟ш╬ай╟б╫	18912370396	533422198902110396	6222020118912300396	
вт	397 	втхЧ╟ш╬ай╟фБ	18912370397	533422198902110397	6222020118912300397	
вт	398 	втхЧ╟ш╬ай╟╟ф	18912370398	533422198902110398	6222020118912300398	
вт	399 	втхЧ╟ш╬ай╟╬а	18912370399	533422198902110399	6222020118912300399	
вт	400 	втка╟ш	18912370400	533422198902110400	6222020118912300400	
вт	401 	втка╟шаЦр╪	18912370401	533422198902110401	6222020118912300401	
вт	402 	втка╟шаЦ╥║	18912370402	533422198902110402	6222020118912300402	
вт	403 	втка╟шаЦхЧ	18912370403	533422198902110403	6222020118912300403	
вт	404 	втка╟шаЦка	18912370404	533422198902110404	6222020118912300404	
вт	405 	втка╟шаЦнИ	18912370405	533422198902110405	6222020118912300405	
вт	406 	втка╟шаЦб╫	18912370406	533422198902110406	6222020118912300406	
вт	407 	втка╟шаЦфБ	18912370407	533422198902110407	6222020118912300407	
вт	408 	втка╟шаЦ╟ф	18912370408	533422198902110408	6222020118912300408	
вт	409 	втка╟шаЦ╬а	18912370409	533422198902110409	6222020118912300409	
вт	410 	втка╟шр╪й╟	18912370410	533422198902110410	6222020118912300410	
вт	411 	втка╟шр╪й╟р╪	18912370411	533422198902110411	6222020118912300411	
вт	412 	втка╟шр╪й╟╥║	18912370412	533422198902110412	6222020118912300412	
вт	413 	втка╟шр╪й╟хЧ	18912370413	533422198902110413	6222020118912300413	
вт	414 	втка╟шр╪й╟ка	18912370414	533422198902110414	6222020118912300414	
вт	415 	втка╟шр╪й╟нИ	18912370415	533422198902110415	6222020118912300415	
вт	416 	втка╟шр╪й╟б╫	18912370416	533422198902110416	6222020118912300416	
вт	417 	втка╟шр╪й╟фБ	18912370417	533422198902110417	6222020118912300417	
вт	418 	втка╟шр╪й╟╟ф	18912370418	533422198902110418	6222020118912300418	
вт	419 	втка╟шр╪й╟╬а	18912370419	533422198902110419	6222020118912300419	
вт	420 	втка╟ш╥║й╟	18912370420	533422198902110420	6222020118912300420	
вт	421 	втка╟ш╥║й╟р╪	18912370421	533422198902110421	6222020118912300421	
вт	422 	втка╟ш╥║й╟╥║	18912370422	533422198902110422	6222020118912300422	
вт	423 	втка╟ш╥║й╟хЧ	18912370423	533422198902110423	6222020118912300423	
вт	424 	втка╟ш╥║й╟ка	18912370424	533422198902110424	6222020118912300424	
вт	425 	втка╟ш╥║й╟нИ	18912370425	533422198902110425	6222020118912300425	
вт	426 	втка╟ш╥║й╟б╫	18912370426	533422198902110426	6222020118912300426	
вт	427 	втка╟ш╥║й╟фБ	18912370427	533422198902110427	6222020118912300427	
вт	428 	втка╟ш╥║й╟╟ф	18912370428	533422198902110428	6222020118912300428	
вт	429 	втка╟ш╥║й╟╬а	18912370429	533422198902110429	6222020118912300429	
вт	430 	втка╟шхЧй╟	18912370430	533422198902110430	6222020118912300430	
вт	431 	втка╟шхЧй╟р╪	18912370431	533422198902110431	6222020118912300431	
вт	432 	втка╟шхЧй╟╥║	18912370432	533422198902110432	6222020118912300432	
вт	433 	втка╟шхЧй╟хЧ	18912370433	533422198902110433	6222020118912300433	
вт	434 	втка╟шхЧй╟ка	18912370434	533422198902110434	6222020118912300434	
вт	435 	втка╟шхЧй╟нИ	18912370435	533422198902110435	6222020118912300435	
вт	436 	втка╟шхЧй╟б╫	18912370436	533422198902110436	6222020118912300436	
вт	437 	втка╟шхЧй╟фБ	18912370437	533422198902110437	6222020118912300437	
вт	438 	втка╟шхЧй╟╟ф	18912370438	533422198902110438	6222020118912300438	
вт	439 	втка╟шхЧй╟╬а	18912370439	533422198902110439	6222020118912300439	
вт	440 	втка╟шкай╟	18912370440	533422198902110440	6222020118912300440	
вт	441 	втка╟шкай╟р╪	18912370441	533422198902110441	6222020118912300441	
вт	442 	втка╟шкай╟╥║	18912370442	533422198902110442	6222020118912300442	
вт	443 	втка╟шкай╟хЧ	18912370443	533422198902110443	6222020118912300443	
вт	444 	втка╟шкай╟ка	18912370444	533422198902110444	6222020118912300444	
вт	445 	втка╟шкай╟нИ	18912370445	533422198902110445	6222020118912300445	
вт	446 	втка╟шкай╟б╫	18912370446	533422198902110446	6222020118912300446	
вт	447 	втка╟шкай╟фБ	18912370447	533422198902110447	6222020118912300447	
вт	448 	втка╟шкай╟╟ф	18912370448	533422198902110448	6222020118912300448	
вт	449 	втка╟шкай╟╬а	18912370449	533422198902110449	6222020118912300449	
вт	450 	втка╟шнИй╟	18912370450	533422198902110450	6222020118912300450	
вт	451 	втка╟шнИй╟р╪	18912370451	533422198902110451	6222020118912300451	
вт	452 	втка╟шнИй╟╥║	18912370452	533422198902110452	6222020118912300452	
вт	453 	втка╟шнИй╟хЧ	18912370453	533422198902110453	6222020118912300453	
вт	454 	втка╟шнИй╟ка	18912370454	533422198902110454	6222020118912300454	
вт	455 	втка╟шнИй╟нИ	18912370455	533422198902110455	6222020118912300455	
вт	456 	втка╟шнИй╟б╫	18912370456	533422198902110456	6222020118912300456	
вт	457 	втка╟шнИй╟фБ	18912370457	533422198902110457	6222020118912300457	
вт	458 	втка╟шнИй╟╟ф	18912370458	533422198902110458	6222020118912300458	
вт	459 	втка╟шнИй╟╬а	18912370459	533422198902110459	6222020118912300459	
вт	460 	втка╟шб╫й╟	18912370460	533422198902110460	6222020118912300460	
вт	461 	втка╟шб╫й╟р╪	18912370461	533422198902110461	6222020118912300461	
вт	462 	втка╟шб╫й╟╥║	18912370462	533422198902110462	6222020118912300462	
вт	463 	втка╟шб╫й╟хЧ	18912370463	533422198902110463	6222020118912300463	
вт	464 	втка╟шб╫й╟ка	18912370464	533422198902110464	6222020118912300464	
вт	465 	втка╟шб╫й╟нИ	18912370465	533422198902110465	6222020118912300465	
вт	466 	втка╟шб╫й╟б╫	18912370466	533422198902110466	6222020118912300466	
вт	467 	втка╟шб╫й╟фБ	18912370467	533422198902110467	6222020118912300467	
вт	468 	втка╟шб╫й╟╟ф	18912370468	533422198902110468	6222020118912300468	
вт	469 	втка╟шб╫й╟╬а	18912370469	533422198902110469	6222020118912300469	
вт	470 	втка╟шфБй╟	18912370470	533422198902110470	6222020118912300470	
вт	471 	втка╟шфБй╟р╪	18912370471	533422198902110471	6222020118912300471	
вт	472 	втка╟шфБй╟╥║	18912370472	533422198902110472	6222020118912300472	
вт	473 	втка╟шфБй╟хЧ	18912370473	533422198902110473	6222020118912300473	
вт	474 	втка╟шфБй╟ка	18912370474	533422198902110474	6222020118912300474	
вт	475 	втка╟шфБй╟нИ	18912370475	533422198902110475	6222020118912300475	
вт	476 	втка╟шфБй╟б╫	18912370476	533422198902110476	6222020118912300476	
вт	477 	втка╟шфБй╟фБ	18912370477	533422198902110477	6222020118912300477	
вт	478 	втка╟шфБй╟╟ф	18912370478	533422198902110478	6222020118912300478	
вт	479 	втка╟шфБй╟╬а	18912370479	533422198902110479	6222020118912300479	
вт	480 	втка╟ш╟фй╟	18912370480	533422198902110480	6222020118912300480	
вт	481 	втка╟ш╟фй╟р╪	18912370481	533422198902110481	6222020118912300481	
вт	482 	втка╟ш╟фй╟╥║	18912370482	533422198902110482	6222020118912300482	
вт	483 	втка╟ш╟фй╟хЧ	18912370483	533422198902110483	6222020118912300483	
вт	484 	втка╟ш╟фй╟ка	18912370484	533422198902110484	6222020118912300484	
вт	485 	втка╟ш╟фй╟нИ	18912370485	533422198902110485	6222020118912300485	
вт	486 	втка╟ш╟фй╟б╫	18912370486	533422198902110486	6222020118912300486	
вт	487 	втка╟ш╟фй╟фБ	18912370487	533422198902110487	6222020118912300487	
вт	488 	втка╟ш╟фй╟╟ф	18912370488	533422198902110488	6222020118912300488	
вт	489 	втка╟ш╟фй╟╬а	18912370489	533422198902110489	6222020118912300489	
вт	490 	втка╟ш╬ай╟	18912370490	533422198902110490	6222020118912300490	
вт	491 	втка╟ш╬ай╟р╪	18912370491	533422198902110491	6222020118912300491	
вт	492 	втка╟ш╬ай╟╥║	18912370492	533422198902110492	6222020118912300492	
вт	493 	втка╟ш╬ай╟хЧ	18912370493	533422198902110493	6222020118912300493	
вт	494 	втка╟ш╬ай╟ка	18912370494	533422198902110494	6222020118912300494	
вт	495 	втка╟ш╬ай╟нИ	18912370495	533422198902110495	6222020118912300495	
вт	496 	втка╟ш╬ай╟б╫	18912370496	533422198902110496	6222020118912300496	
вт	497 	втка╟ш╬ай╟фБ	18912370497	533422198902110497	6222020118912300497	
вт	498 	втка╟ш╬ай╟╟ф	18912370498	533422198902110498	6222020118912300498	
вт	499 	втка╟ш╬ай╟╬а	18912370499	533422198902110499	6222020118912300499	
вт	500 	втнИ╟ш	18912370500	533422198902110500	6222020118912300500	
вт	501 	втнИ╟шаЦр╪	18912370501	533422198902110501	6222020118912300501	
вт	502 	втнИ╟шаЦ╥║	18912370502	533422198902110502	6222020118912300502	
вт	503 	втнИ╟шаЦхЧ	18912370503	533422198902110503	6222020118912300503	
вт	504 	втнИ╟шаЦка	18912370504	533422198902110504	6222020118912300504	
вт	505 	втнИ╟шаЦнИ	18912370505	533422198902110505	6222020118912300505	
вт	506 	втнИ╟шаЦб╫	18912370506	533422198902110506	6222020118912300506	
вт	507 	втнИ╟шаЦфБ	18912370507	533422198902110507	6222020118912300507	
вт	508 	втнИ╟шаЦ╟ф	18912370508	533422198902110508	6222020118912300508	
вт	509 	втнИ╟шаЦ╬а	18912370509	533422198902110509	6222020118912300509	
вт	510 	втнИ╟шр╪й╟	18912370510	533422198902110510	6222020118912300510	
вт	511 	втнИ╟шр╪й╟р╪	18912370511	533422198902110511	6222020118912300511	
вт	512 	втнИ╟шр╪й╟╥║	18912370512	533422198902110512	6222020118912300512	
вт	513 	втнИ╟шр╪й╟хЧ	18912370513	533422198902110513	6222020118912300513	
вт	514 	втнИ╟шр╪й╟ка	18912370514	533422198902110514	6222020118912300514	
вт	515 	втнИ╟шр╪й╟нИ	18912370515	533422198902110515	6222020118912300515	
вт	516 	втнИ╟шр╪й╟б╫	18912370516	533422198902110516	6222020118912300516	
вт	517 	втнИ╟шр╪й╟фБ	18912370517	533422198902110517	6222020118912300517	
вт	518 	втнИ╟шр╪й╟╟ф	18912370518	533422198902110518	6222020118912300518	
вт	519 	втнИ╟шр╪й╟╬а	18912370519	533422198902110519	6222020118912300519	
вт	520 	втнИ╟ш╥║й╟	18912370520	533422198902110520	6222020118912300520	
вт	521 	втнИ╟ш╥║й╟р╪	18912370521	533422198902110521	6222020118912300521	
вт	522 	втнИ╟ш╥║й╟╥║	18912370522	533422198902110522	6222020118912300522	
вт	523 	втнИ╟ш╥║й╟хЧ	18912370523	533422198902110523	6222020118912300523	
вт	524 	втнИ╟ш╥║й╟ка	18912370524	533422198902110524	6222020118912300524	
вт	525 	втнИ╟ш╥║й╟нИ	18912370525	533422198902110525	6222020118912300525	
вт	526 	втнИ╟ш╥║й╟б╫	18912370526	533422198902110526	6222020118912300526	
вт	527 	втнИ╟ш╥║й╟фБ	18912370527	533422198902110527	6222020118912300527	
вт	528 	втнИ╟ш╥║й╟╟ф	18912370528	533422198902110528	6222020118912300528	
вт	529 	втнИ╟ш╥║й╟╬а	18912370529	533422198902110529	6222020118912300529	
вт	530 	втнИ╟шхЧй╟	18912370530	533422198902110530	6222020118912300530	
вт	531 	втнИ╟шхЧй╟р╪	18912370531	533422198902110531	6222020118912300531	
вт	532 	втнИ╟шхЧй╟╥║	18912370532	533422198902110532	6222020118912300532	
вт	533 	втнИ╟шхЧй╟хЧ	18912370533	533422198902110533	6222020118912300533	
вт	534 	втнИ╟шхЧй╟ка	18912370534	533422198902110534	6222020118912300534	
вт	535 	втнИ╟шхЧй╟нИ	18912370535	533422198902110535	6222020118912300535	
вт	536 	втнИ╟шхЧй╟б╫	18912370536	533422198902110536	6222020118912300536	
вт	537 	втнИ╟шхЧй╟фБ	18912370537	533422198902110537	6222020118912300537	
вт	538 	втнИ╟шхЧй╟╟ф	18912370538	533422198902110538	6222020118912300538	
вт	539 	втнИ╟шхЧй╟╬а	18912370539	533422198902110539	6222020118912300539	
вт	540 	втнИ╟шкай╟	18912370540	533422198902110540	6222020118912300540	
вт	541 	втнИ╟шкай╟р╪	18912370541	533422198902110541	6222020118912300541	
вт	542 	втнИ╟шкай╟╥║	18912370542	533422198902110542	6222020118912300542	
вт	543 	втнИ╟шкай╟хЧ	18912370543	533422198902110543	6222020118912300543	
вт	544 	втнИ╟шкай╟ка	18912370544	533422198902110544	6222020118912300544	
вт	545 	втнИ╟шкай╟нИ	18912370545	533422198902110545	6222020118912300545	
вт	546 	втнИ╟шкай╟б╫	18912370546	533422198902110546	6222020118912300546	
вт	547 	втнИ╟шкай╟фБ	18912370547	533422198902110547	6222020118912300547	
вт	548 	втнИ╟шкай╟╟ф	18912370548	533422198902110548	6222020118912300548	
вт	549 	втнИ╟шкай╟╬а	18912370549	533422198902110549	6222020118912300549	
вт	550 	втнИ╟шнИй╟	18912370550	533422198902110550	6222020118912300550	
вт	551 	втнИ╟шнИй╟р╪	18912370551	533422198902110551	6222020118912300551	
вт	552 	втнИ╟шнИй╟╥║	18912370552	533422198902110552	6222020118912300552	
вт	553 	втнИ╟шнИй╟хЧ	18912370553	533422198902110553	6222020118912300553	
вт	554 	втнИ╟шнИй╟ка	18912370554	533422198902110554	6222020118912300554	
вт	555 	втнИ╟шнИй╟нИ	18912370555	533422198902110555	6222020118912300555	
вт	556 	втнИ╟шнИй╟б╫	18912370556	533422198902110556	6222020118912300556	
вт	557 	втнИ╟шнИй╟фБ	18912370557	533422198902110557	6222020118912300557	
вт	558 	втнИ╟шнИй╟╟ф	18912370558	533422198902110558	6222020118912300558	
вт	559 	втнИ╟шнИй╟╬а	18912370559	533422198902110559	6222020118912300559	
вт	560 	втнИ╟шб╫й╟	18912370560	533422198902110560	6222020118912300560	
вт	561 	втнИ╟шб╫й╟р╪	18912370561	533422198902110561	6222020118912300561	
вт	562 	втнИ╟шб╫й╟╥║	18912370562	533422198902110562	6222020118912300562	
вт	563 	втнИ╟шб╫й╟хЧ	18912370563	533422198902110563	6222020118912300563	
вт	564 	втнИ╟шб╫й╟ка	18912370564	533422198902110564	6222020118912300564	
вт	565 	втнИ╟шб╫й╟нИ	18912370565	533422198902110565	6222020118912300565	
вт	566 	втнИ╟шб╫й╟б╫	18912370566	533422198902110566	6222020118912300566	
вт	567 	втнИ╟шб╫й╟фБ	18912370567	533422198902110567	6222020118912300567	
вт	568 	втнИ╟шб╫й╟╟ф	18912370568	533422198902110568	6222020118912300568	
вт	569 	втнИ╟шб╫й╟╬а	18912370569	533422198902110569	6222020118912300569	
вт	570 	втнИ╟шфБй╟	18912370570	533422198902110570	6222020118912300570	
вт	571 	втнИ╟шфБй╟р╪	18912370571	533422198902110571	6222020118912300571	
вт	572 	втнИ╟шфБй╟╥║	18912370572	533422198902110572	6222020118912300572	
вт	573 	втнИ╟шфБй╟хЧ	18912370573	533422198902110573	6222020118912300573	
вт	574 	втнИ╟шфБй╟ка	18912370574	533422198902110574	6222020118912300574	
вт	575 	втнИ╟шфБй╟нИ	18912370575	533422198902110575	6222020118912300575	
вт	576 	втнИ╟шфБй╟б╫	18912370576	533422198902110576	6222020118912300576	
вт	577 	втнИ╟шфБй╟фБ	18912370577	533422198902110577	6222020118912300577	
вт	578 	втнИ╟шфБй╟╟ф	18912370578	533422198902110578	6222020118912300578	
вт	579 	втнИ╟шфБй╟╬а	18912370579	533422198902110579	6222020118912300579	
вт	580 	втнИ╟ш╟фй╟	18912370580	533422198902110580	6222020118912300580	
вт	581 	втнИ╟ш╟фй╟р╪	18912370581	533422198902110581	6222020118912300581	
вт	582 	втнИ╟ш╟фй╟╥║	18912370582	533422198902110582	6222020118912300582	
вт	583 	втнИ╟ш╟фй╟хЧ	18912370583	533422198902110583	6222020118912300583	
вт	584 	втнИ╟ш╟фй╟ка	18912370584	533422198902110584	6222020118912300584	
вт	585 	втнИ╟ш╟фй╟нИ	18912370585	533422198902110585	6222020118912300585	
вт	586 	втнИ╟ш╟фй╟б╫	18912370586	533422198902110586	6222020118912300586	
вт	587 	втнИ╟ш╟фй╟фБ	18912370587	533422198902110587	6222020118912300587	
вт	588 	втнИ╟ш╟фй╟╟ф	18912370588	533422198902110588	6222020118912300588	
вт	589 	втнИ╟ш╟фй╟╬а	18912370589	533422198902110589	6222020118912300589	
вт	590 	втнИ╟ш╬ай╟	18912370590	533422198902110590	6222020118912300590	
вт	591 	втнИ╟ш╬ай╟р╪	18912370591	533422198902110591	6222020118912300591	
вт	592 	втнИ╟ш╬ай╟╥║	18912370592	533422198902110592	6222020118912300592	
вт	593 	втнИ╟ш╬ай╟хЧ	18912370593	533422198902110593	6222020118912300593	
вт	594 	втнИ╟ш╬ай╟ка	18912370594	533422198902110594	6222020118912300594	
вт	595 	втнИ╟ш╬ай╟нИ	18912370595	533422198902110595	6222020118912300595	
вт	596 	втнИ╟ш╬ай╟б╫	18912370596	533422198902110596	6222020118912300596	
вт	597 	втнИ╟ш╬ай╟фБ	18912370597	533422198902110597	6222020118912300597	
вт	598 	втнИ╟ш╬ай╟╟ф	18912370598	533422198902110598	6222020118912300598	
вт	599 	втнИ╟ш╬ай╟╬а	18912370599	533422198902110599	6222020118912300599	
вт	600 	втб╫╟ш	18912370600	533422198902110600	6222020118912300600	
вт	601 	втб╫╟шаЦр╪	18912370601	533422198902110601	6222020118912300601	
вт	602 	втб╫╟шаЦ╥║	18912370602	533422198902110602	6222020118912300602	
вт	603 	втб╫╟шаЦхЧ	18912370603	533422198902110603	6222020118912300603	
вт	604 	втб╫╟шаЦка	18912370604	533422198902110604	6222020118912300604	
вт	605 	втб╫╟шаЦнИ	18912370605	533422198902110605	6222020118912300605	
вт	606 	втб╫╟шаЦб╫	18912370606	533422198902110606	6222020118912300606	
вт	607 	втб╫╟шаЦфБ	18912370607	533422198902110607	6222020118912300607	
вт	608 	втб╫╟шаЦ╟ф	18912370608	533422198902110608	6222020118912300608	
вт	609 	втб╫╟шаЦ╬а	18912370609	533422198902110609	6222020118912300609	
вт	610 	втб╫╟шр╪й╟	18912370610	533422198902110610	6222020118912300610	
вт	611 	втб╫╟шр╪й╟р╪	18912370611	533422198902110611	6222020118912300611	
вт	612 	втб╫╟шр╪й╟╥║	18912370612	533422198902110612	6222020118912300612	
вт	613 	втб╫╟шр╪й╟хЧ	18912370613	533422198902110613	6222020118912300613	
вт	614 	втб╫╟шр╪й╟ка	18912370614	533422198902110614	6222020118912300614	
вт	615 	втб╫╟шр╪й╟нИ	18912370615	533422198902110615	6222020118912300615	
вт	616 	втб╫╟шр╪й╟б╫	18912370616	533422198902110616	6222020118912300616	
вт	617 	втб╫╟шр╪й╟фБ	18912370617	533422198902110617	6222020118912300617	
вт	618 	втб╫╟шр╪й╟╟ф	18912370618	533422198902110618	6222020118912300618	
вт	619 	втб╫╟шр╪й╟╬а	18912370619	533422198902110619	6222020118912300619	
вт	620 	втб╫╟ш╥║й╟	18912370620	533422198902110620	6222020118912300620	
вт	621 	втб╫╟ш╥║й╟р╪	18912370621	533422198902110621	6222020118912300621	
вт	622 	втб╫╟ш╥║й╟╥║	18912370622	533422198902110622	6222020118912300622	
вт	623 	втб╫╟ш╥║й╟хЧ	18912370623	533422198902110623	6222020118912300623	
вт	624 	втб╫╟ш╥║й╟ка	18912370624	533422198902110624	6222020118912300624	
вт	625 	втб╫╟ш╥║й╟нИ	18912370625	533422198902110625	6222020118912300625	
вт	626 	втб╫╟ш╥║й╟б╫	18912370626	533422198902110626	6222020118912300626	
вт	627 	втб╫╟ш╥║й╟фБ	18912370627	533422198902110627	6222020118912300627	
вт	628 	втб╫╟ш╥║й╟╟ф	18912370628	533422198902110628	6222020118912300628	
вт	629 	втб╫╟ш╥║й╟╬а	18912370629	533422198902110629	6222020118912300629	
вт	630 	втб╫╟шхЧй╟	18912370630	533422198902110630	6222020118912300630	
вт	631 	втб╫╟шхЧй╟р╪	18912370631	533422198902110631	6222020118912300631	
вт	632 	втб╫╟шхЧй╟╥║	18912370632	533422198902110632	6222020118912300632	
вт	633 	втб╫╟шхЧй╟хЧ	18912370633	533422198902110633	6222020118912300633	
вт	634 	втб╫╟шхЧй╟ка	18912370634	533422198902110634	6222020118912300634	
вт	635 	втб╫╟шхЧй╟нИ	18912370635	533422198902110635	6222020118912300635	
вт	636 	втб╫╟шхЧй╟б╫	18912370636	533422198902110636	6222020118912300636	
вт	637 	втб╫╟шхЧй╟фБ	18912370637	533422198902110637	6222020118912300637	
вт	638 	втб╫╟шхЧй╟╟ф	18912370638	533422198902110638	6222020118912300638	
вт	639 	втб╫╟шхЧй╟╬а	18912370639	533422198902110639	6222020118912300639	
вт	640 	втб╫╟шкай╟	18912370640	533422198902110640	6222020118912300640	
вт	641 	втб╫╟шкай╟р╪	18912370641	533422198902110641	6222020118912300641	
вт	642 	втб╫╟шкай╟╥║	18912370642	533422198902110642	6222020118912300642	
вт	643 	втб╫╟шкай╟хЧ	18912370643	533422198902110643	6222020118912300643	
вт	644 	втб╫╟шкай╟ка	18912370644	533422198902110644	6222020118912300644	
вт	645 	втб╫╟шкай╟нИ	18912370645	533422198902110645	6222020118912300645	
вт	646 	втб╫╟шкай╟б╫	18912370646	533422198902110646	6222020118912300646	
вт	647 	втб╫╟шкай╟фБ	18912370647	533422198902110647	6222020118912300647	
вт	648 	втб╫╟шкай╟╟ф	18912370648	533422198902110648	6222020118912300648	
вт	649 	втб╫╟шкай╟╬а	18912370649	533422198902110649	6222020118912300649	
вт	650 	втб╫╟шнИй╟	18912370650	533422198902110650	6222020118912300650	
вт	651 	втб╫╟шнИй╟р╪	18912370651	533422198902110651	6222020118912300651	
вт	652 	втб╫╟шнИй╟╥║	18912370652	533422198902110652	6222020118912300652	
вт	653 	втб╫╟шнИй╟хЧ	18912370653	533422198902110653	6222020118912300653	
вт	654 	втб╫╟шнИй╟ка	18912370654	533422198902110654	6222020118912300654	
вт	655 	втб╫╟шнИй╟нИ	18912370655	533422198902110655	6222020118912300655	
вт	656 	втб╫╟шнИй╟б╫	18912370656	533422198902110656	6222020118912300656	
вт	657 	втб╫╟шнИй╟фБ	18912370657	533422198902110657	6222020118912300657	
вт	658 	втб╫╟шнИй╟╟ф	18912370658	533422198902110658	6222020118912300658	
вт	659 	втб╫╟шнИй╟╬а	18912370659	533422198902110659	6222020118912300659	
вт	660 	втб╫╟шб╫й╟	18912370660	533422198902110660	6222020118912300660	
вт	661 	втб╫╟шб╫й╟р╪	18912370661	533422198902110661	6222020118912300661	
вт	662 	втб╫╟шб╫й╟╥║	18912370662	533422198902110662	6222020118912300662	
вт	663 	втб╫╟шб╫й╟хЧ	18912370663	533422198902110663	6222020118912300663	
вт	664 	втб╫╟шб╫й╟ка	18912370664	533422198902110664	6222020118912300664	
вт	665 	втб╫╟шб╫й╟нИ	18912370665	533422198902110665	6222020118912300665	
вт	666 	втб╫╟шб╫й╟б╫	18912370666	533422198902110666	6222020118912300666	
вт	667 	втб╫╟шб╫й╟фБ	18912370667	533422198902110667	6222020118912300667	
вт	668 	втб╫╟шб╫й╟╟ф	18912370668	533422198902110668	6222020118912300668	
вт	669 	втб╫╟шб╫й╟╬а	18912370669	533422198902110669	6222020118912300669	
вт	670 	втб╫╟шфБй╟	18912370670	533422198902110670	6222020118912300670	
вт	671 	втб╫╟шфБй╟р╪	18912370671	533422198902110671	6222020118912300671	
вт	672 	втб╫╟шфБй╟╥║	18912370672	533422198902110672	6222020118912300672	
вт	673 	втб╫╟шфБй╟хЧ	18912370673	533422198902110673	6222020118912300673	
вт	674 	втб╫╟шфБй╟ка	18912370674	533422198902110674	6222020118912300674	
вт	675 	втб╫╟шфБй╟нИ	18912370675	533422198902110675	6222020118912300675	
вт	676 	втб╫╟шфБй╟б╫	18912370676	533422198902110676	6222020118912300676	
вт	677 	втб╫╟шфБй╟фБ	18912370677	533422198902110677	6222020118912300677	
вт	678 	втб╫╟шфБй╟╟ф	18912370678	533422198902110678	6222020118912300678	
вт	679 	втб╫╟шфБй╟╬а	18912370679	533422198902110679	6222020118912300679	
вт	680 	втб╫╟ш╟фй╟	18912370680	533422198902110680	6222020118912300680	
вт	681 	втб╫╟ш╟фй╟р╪	18912370681	533422198902110681	6222020118912300681	
вт	682 	втб╫╟ш╟фй╟╥║	18912370682	533422198902110682	6222020118912300682	
вт	683 	втб╫╟ш╟фй╟хЧ	18912370683	533422198902110683	6222020118912300683	
вт	684 	втб╫╟ш╟фй╟ка	18912370684	533422198902110684	6222020118912300684	
вт	685 	втб╫╟ш╟фй╟нИ	18912370685	533422198902110685	6222020118912300685	
вт	686 	втб╫╟ш╟фй╟б╫	18912370686	533422198902110686	6222020118912300686	
вт	687 	втб╫╟ш╟фй╟фБ	18912370687	533422198902110687	6222020118912300687	
вт	688 	втб╫╟ш╟фй╟╟ф	18912370688	533422198902110688	6222020118912300688	
вт	689 	втб╫╟ш╟фй╟╬а	18912370689	533422198902110689	6222020118912300689	
вт	690 	втб╫╟ш╬ай╟	18912370690	533422198902110690	6222020118912300690	
вт	691 	втб╫╟ш╬ай╟р╪	18912370691	533422198902110691	6222020118912300691	
вт	692 	втб╫╟ш╬ай╟╥║	18912370692	533422198902110692	6222020118912300692	
вт	693 	втб╫╟ш╬ай╟хЧ	18912370693	533422198902110693	6222020118912300693	
вт	694 	втб╫╟ш╬ай╟ка	18912370694	533422198902110694	6222020118912300694	
вт	695 	втб╫╟ш╬ай╟нИ	18912370695	533422198902110695	6222020118912300695	
вт	696 	втб╫╟ш╬ай╟б╫	18912370696	533422198902110696	6222020118912300696	
вт	697 	втб╫╟ш╬ай╟фБ	18912370697	533422198902110697	6222020118912300697	
вт	698 	втб╫╟ш╬ай╟╟ф	18912370698	533422198902110698	6222020118912300698	
вт	699 	втб╫╟ш╬ай╟╬а	18912370699	533422198902110699	6222020118912300699	
вт	700 	втфБ╟ш	18912370700	533422198902110700	6222020118912300700	
вт	701 	втфБ╟шаЦр╪	18912370701	533422198902110701	6222020118912300701	
вт	702 	втфБ╟шаЦ╥║	18912370702	533422198902110702	6222020118912300702	
вт	703 	втфБ╟шаЦхЧ	18912370703	533422198902110703	6222020118912300703	
вт	704 	втфБ╟шаЦка	18912370704	533422198902110704	6222020118912300704	
вт	705 	втфБ╟шаЦнИ	18912370705	533422198902110705	6222020118912300705	
вт	706 	втфБ╟шаЦб╫	18912370706	533422198902110706	6222020118912300706	
вт	707 	втфБ╟шаЦфБ	18912370707	533422198902110707	6222020118912300707	
вт	708 	втфБ╟шаЦ╟ф	18912370708	533422198902110708	6222020118912300708	
вт	709 	втфБ╟шаЦ╬а	18912370709	533422198902110709	6222020118912300709	
вт	710 	втфБ╟шр╪й╟	18912370710	533422198902110710	6222020118912300710	
вт	711 	втфБ╟шр╪й╟р╪	18912370711	533422198902110711	6222020118912300711	
вт	712 	втфБ╟шр╪й╟╥║	18912370712	533422198902110712	6222020118912300712	
вт	713 	втфБ╟шр╪й╟хЧ	18912370713	533422198902110713	6222020118912300713	
вт	714 	втфБ╟шр╪й╟ка	18912370714	533422198902110714	6222020118912300714	
вт	715 	втфБ╟шр╪й╟нИ	18912370715	533422198902110715	6222020118912300715	
вт	716 	втфБ╟шр╪й╟б╫	18912370716	533422198902110716	6222020118912300716	
вт	717 	втфБ╟шр╪й╟фБ	18912370717	533422198902110717	6222020118912300717	
вт	718 	втфБ╟шр╪й╟╟ф	18912370718	533422198902110718	6222020118912300718	
вт	719 	втфБ╟шр╪й╟╬а	18912370719	533422198902110719	6222020118912300719	
вт	720 	втфБ╟ш╥║й╟	18912370720	533422198902110720	6222020118912300720	
вт	721 	втфБ╟ш╥║й╟р╪	18912370721	533422198902110721	6222020118912300721	
вт	722 	втфБ╟ш╥║й╟╥║	18912370722	533422198902110722	6222020118912300722	
вт	723 	втфБ╟ш╥║й╟хЧ	18912370723	533422198902110723	6222020118912300723	
вт	724 	втфБ╟ш╥║й╟ка	18912370724	533422198902110724	6222020118912300724	
вт	725 	втфБ╟ш╥║й╟нИ	18912370725	533422198902110725	6222020118912300725	
вт	726 	втфБ╟ш╥║й╟б╫	18912370726	533422198902110726	6222020118912300726	
вт	727 	втфБ╟ш╥║й╟фБ	18912370727	533422198902110727	6222020118912300727	
вт	728 	втфБ╟ш╥║й╟╟ф	18912370728	533422198902110728	6222020118912300728	
вт	729 	втфБ╟ш╥║й╟╬а	18912370729	533422198902110729	6222020118912300729	
вт	730 	втфБ╟шхЧй╟	18912370730	533422198902110730	6222020118912300730	
вт	731 	втфБ╟шхЧй╟р╪	18912370731	533422198902110731	6222020118912300731	
вт	732 	втфБ╟шхЧй╟╥║	18912370732	533422198902110732	6222020118912300732	
вт	733 	втфБ╟шхЧй╟хЧ	18912370733	533422198902110733	6222020118912300733	
вт	734 	втфБ╟шхЧй╟ка	18912370734	533422198902110734	6222020118912300734	
вт	735 	втфБ╟шхЧй╟нИ	18912370735	533422198902110735	6222020118912300735	
вт	736 	втфБ╟шхЧй╟б╫	18912370736	533422198902110736	6222020118912300736	
вт	737 	втфБ╟шхЧй╟фБ	18912370737	533422198902110737	6222020118912300737	
вт	738 	втфБ╟шхЧй╟╟ф	18912370738	533422198902110738	6222020118912300738	
вт	739 	втфБ╟шхЧй╟╬а	18912370739	533422198902110739	6222020118912300739	
вт	740 	втфБ╟шкай╟	18912370740	533422198902110740	6222020118912300740	
вт	741 	втфБ╟шкай╟р╪	18912370741	533422198902110741	6222020118912300741	
вт	742 	втфБ╟шкай╟╥║	18912370742	533422198902110742	6222020118912300742	
вт	743 	втфБ╟шкай╟хЧ	18912370743	533422198902110743	6222020118912300743	
вт	744 	втфБ╟шкай╟ка	18912370744	533422198902110744	6222020118912300744	
вт	745 	втфБ╟шкай╟нИ	18912370745	533422198902110745	6222020118912300745	
вт	746 	втфБ╟шкай╟б╫	18912370746	533422198902110746	6222020118912300746	
вт	747 	втфБ╟шкай╟фБ	18912370747	533422198902110747	6222020118912300747	
вт	748 	втфБ╟шкай╟╟ф	18912370748	533422198902110748	6222020118912300748	
вт	749 	втфБ╟шкай╟╬а	18912370749	533422198902110749	6222020118912300749	
вт	750 	втфБ╟шнИй╟	18912370750	533422198902110750	6222020118912300750	
вт	751 	втфБ╟шнИй╟р╪	18912370751	533422198902110751	6222020118912300751	
вт	752 	втфБ╟шнИй╟╥║	18912370752	533422198902110752	6222020118912300752	
вт	753 	втфБ╟шнИй╟хЧ	18912370753	533422198902110753	6222020118912300753	
вт	754 	втфБ╟шнИй╟ка	18912370754	533422198902110754	6222020118912300754	
вт	755 	втфБ╟шнИй╟нИ	18912370755	533422198902110755	6222020118912300755	
вт	756 	втфБ╟шнИй╟б╫	18912370756	533422198902110756	6222020118912300756	
вт	757 	втфБ╟шнИй╟фБ	18912370757	533422198902110757	6222020118912300757	
вт	758 	втфБ╟шнИй╟╟ф	18912370758	533422198902110758	6222020118912300758	
вт	759 	втфБ╟шнИй╟╬а	18912370759	533422198902110759	6222020118912300759	
вт	760 	втфБ╟шб╫й╟	18912370760	533422198902110760	6222020118912300760	
вт	761 	втфБ╟шб╫й╟р╪	18912370761	533422198902110761	6222020118912300761	
вт	762 	втфБ╟шб╫й╟╥║	18912370762	533422198902110762	6222020118912300762	
вт	763 	втфБ╟шб╫й╟хЧ	18912370763	533422198902110763	6222020118912300763	
вт	764 	втфБ╟шб╫й╟ка	18912370764	533422198902110764	6222020118912300764	
вт	765 	втфБ╟шб╫й╟нИ	18912370765	533422198902110765	6222020118912300765	
вт	766 	втфБ╟шб╫й╟б╫	18912370766	533422198902110766	6222020118912300766	
вт	767 	втфБ╟шб╫й╟фБ	18912370767	533422198902110767	6222020118912300767	
вт	768 	втфБ╟шб╫й╟╟ф	18912370768	533422198902110768	6222020118912300768	
вт	769 	втфБ╟шб╫й╟╬а	18912370769	533422198902110769	6222020118912300769	
вт	770 	втфБ╟шфБй╟	18912370770	533422198902110770	6222020118912300770	
вт	771 	втфБ╟шфБй╟р╪	18912370771	533422198902110771	6222020118912300771	
вт	772 	втфБ╟шфБй╟╥║	18912370772	533422198902110772	6222020118912300772	
вт	773 	втфБ╟шфБй╟хЧ	18912370773	533422198902110773	6222020118912300773	
вт	774 	втфБ╟шфБй╟ка	18912370774	533422198902110774	6222020118912300774	
вт	775 	втфБ╟шфБй╟нИ	18912370775	533422198902110775	6222020118912300775	
вт	776 	втфБ╟шфБй╟б╫	18912370776	533422198902110776	6222020118912300776	
вт	777 	втфБ╟шфБй╟фБ	18912370777	533422198902110777	6222020118912300777	
вт	778 	втфБ╟шфБй╟╟ф	18912370778	533422198902110778	6222020118912300778	
вт	779 	втфБ╟шфБй╟╬а	18912370779	533422198902110779	6222020118912300779	
вт	780 	втфБ╟ш╟фй╟	18912370780	533422198902110780	6222020118912300780	
вт	781 	втфБ╟ш╟фй╟р╪	18912370781	533422198902110781	6222020118912300781	
вт	782 	втфБ╟ш╟фй╟╥║	18912370782	533422198902110782	6222020118912300782	
вт	783 	втфБ╟ш╟фй╟хЧ	18912370783	533422198902110783	6222020118912300783	
вт	784 	втфБ╟ш╟фй╟ка	18912370784	533422198902110784	6222020118912300784	
вт	785 	втфБ╟ш╟фй╟нИ	18912370785	533422198902110785	6222020118912300785	
вт	786 	втфБ╟ш╟фй╟б╫	18912370786	533422198902110786	6222020118912300786	
вт	787 	втфБ╟ш╟фй╟фБ	18912370787	533422198902110787	6222020118912300787	
вт	788 	втфБ╟ш╟фй╟╟ф	18912370788	533422198902110788	6222020118912300788	
вт	789 	втфБ╟ш╟фй╟╬а	18912370789	533422198902110789	6222020118912300789	
вт	790 	втфБ╟ш╬ай╟	18912370790	533422198902110790	6222020118912300790	
вт	791 	втфБ╟ш╬ай╟р╪	18912370791	533422198902110791	6222020118912300791	
вт	792 	втфБ╟ш╬ай╟╥║	18912370792	533422198902110792	6222020118912300792	
вт	793 	втфБ╟ш╬ай╟хЧ	18912370793	533422198902110793	6222020118912300793	
вт	794 	втфБ╟ш╬ай╟ка	18912370794	533422198902110794	6222020118912300794	
вт	795 	втфБ╟ш╬ай╟нИ	18912370795	533422198902110795	6222020118912300795	
вт	796 	втфБ╟ш╬ай╟б╫	18912370796	533422198902110796	6222020118912300796	
вт	797 	втфБ╟ш╬ай╟фБ	18912370797	533422198902110797	6222020118912300797	
вт	798 	втфБ╟ш╬ай╟╟ф	18912370798	533422198902110798	6222020118912300798	
вт	799 	втфБ╟ш╬ай╟╬а	18912370799	533422198902110799	6222020118912300799	
вт	800 	вт╟ф╟ш	18912370800	533422198902110800	6222020118912300800	
вт	801 	вт╟ф╟шаЦр╪	18912370801	533422198902110801	6222020118912300801	
вт	802 	вт╟ф╟шаЦ╥║	18912370802	533422198902110802	6222020118912300802	
вт	803 	вт╟ф╟шаЦхЧ	18912370803	533422198902110803	6222020118912300803	
вт	804 	вт╟ф╟шаЦка	18912370804	533422198902110804	6222020118912300804	
вт	805 	вт╟ф╟шаЦнИ	18912370805	533422198902110805	6222020118912300805	
вт	806 	вт╟ф╟шаЦб╫	18912370806	533422198902110806	6222020118912300806	
вт	807 	вт╟ф╟шаЦфБ	18912370807	533422198902110807	6222020118912300807	
вт	808 	вт╟ф╟шаЦ╟ф	18912370808	533422198902110808	6222020118912300808	
вт	809 	вт╟ф╟шаЦ╬а	18912370809	533422198902110809	6222020118912300809	
вт	810 	вт╟ф╟шр╪й╟	18912370810	533422198902110810	6222020118912300810	
вт	811 	вт╟ф╟шр╪й╟р╪	18912370811	533422198902110811	6222020118912300811	
вт	812 	вт╟ф╟шр╪й╟╥║	18912370812	533422198902110812	6222020118912300812	
вт	813 	вт╟ф╟шр╪й╟хЧ	18912370813	533422198902110813	6222020118912300813	
вт	814 	вт╟ф╟шр╪й╟ка	18912370814	533422198902110814	6222020118912300814	
вт	815 	вт╟ф╟шр╪й╟нИ	18912370815	533422198902110815	6222020118912300815	
вт	816 	вт╟ф╟шр╪й╟б╫	18912370816	533422198902110816	6222020118912300816	
вт	817 	вт╟ф╟шр╪й╟фБ	18912370817	533422198902110817	6222020118912300817	
вт	818 	вт╟ф╟шр╪й╟╟ф	18912370818	533422198902110818	6222020118912300818	
вт	819 	вт╟ф╟шр╪й╟╬а	18912370819	533422198902110819	6222020118912300819	
вт	820 	вт╟ф╟ш╥║й╟	18912370820	533422198902110820	6222020118912300820	
вт	821 	вт╟ф╟ш╥║й╟р╪	18912370821	533422198902110821	6222020118912300821	
вт	822 	вт╟ф╟ш╥║й╟╥║	18912370822	533422198902110822	6222020118912300822	
вт	823 	вт╟ф╟ш╥║й╟хЧ	18912370823	533422198902110823	6222020118912300823	
вт	824 	вт╟ф╟ш╥║й╟ка	18912370824	533422198902110824	6222020118912300824	
вт	825 	вт╟ф╟ш╥║й╟нИ	18912370825	533422198902110825	6222020118912300825	
вт	826 	вт╟ф╟ш╥║й╟б╫	18912370826	533422198902110826	6222020118912300826	
вт	827 	вт╟ф╟ш╥║й╟фБ	18912370827	533422198902110827	6222020118912300827	
вт	828 	вт╟ф╟ш╥║й╟╟ф	18912370828	533422198902110828	6222020118912300828	
вт	829 	вт╟ф╟ш╥║й╟╬а	18912370829	533422198902110829	6222020118912300829	
вт	830 	вт╟ф╟шхЧй╟	18912370830	533422198902110830	6222020118912300830	
вт	831 	вт╟ф╟шхЧй╟р╪	18912370831	533422198902110831	6222020118912300831	
вт	832 	вт╟ф╟шхЧй╟╥║	18912370832	533422198902110832	6222020118912300832	
вт	833 	вт╟ф╟шхЧй╟хЧ	18912370833	533422198902110833	6222020118912300833	
вт	834 	вт╟ф╟шхЧй╟ка	18912370834	533422198902110834	6222020118912300834	
вт	835 	вт╟ф╟шхЧй╟нИ	18912370835	533422198902110835	6222020118912300835	
вт	836 	вт╟ф╟шхЧй╟б╫	18912370836	533422198902110836	6222020118912300836	
вт	837 	вт╟ф╟шхЧй╟фБ	18912370837	533422198902110837	6222020118912300837	
вт	838 	вт╟ф╟шхЧй╟╟ф	18912370838	533422198902110838	6222020118912300838	
вт	839 	вт╟ф╟шхЧй╟╬а	18912370839	533422198902110839	6222020118912300839	
вт	840 	вт╟ф╟шкай╟	18912370840	533422198902110840	6222020118912300840	
вт	841 	вт╟ф╟шкай╟р╪	18912370841	533422198902110841	6222020118912300841	
вт	842 	вт╟ф╟шкай╟╥║	18912370842	533422198902110842	6222020118912300842	
вт	843 	вт╟ф╟шкай╟хЧ	18912370843	533422198902110843	6222020118912300843	
вт	844 	вт╟ф╟шкай╟ка	18912370844	533422198902110844	6222020118912300844	
вт	845 	вт╟ф╟шкай╟нИ	18912370845	533422198902110845	6222020118912300845	
вт	846 	вт╟ф╟шкай╟б╫	18912370846	533422198902110846	6222020118912300846	
вт	847 	вт╟ф╟шкай╟фБ	18912370847	533422198902110847	6222020118912300847	
вт	848 	вт╟ф╟шкай╟╟ф	18912370848	533422198902110848	6222020118912300848	
вт	849 	вт╟ф╟шкай╟╬а	18912370849	533422198902110849	6222020118912300849	
вт	850 	вт╟ф╟шнИй╟	18912370850	533422198902110850	6222020118912300850	
вт	851 	вт╟ф╟шнИй╟р╪	18912370851	533422198902110851	6222020118912300851	
вт	852 	вт╟ф╟шнИй╟╥║	18912370852	533422198902110852	6222020118912300852	
вт	853 	вт╟ф╟шнИй╟хЧ	18912370853	533422198902110853	6222020118912300853	
вт	854 	вт╟ф╟шнИй╟ка	18912370854	533422198902110854	6222020118912300854	
вт	855 	вт╟ф╟шнИй╟нИ	18912370855	533422198902110855	6222020118912300855	
вт	856 	вт╟ф╟шнИй╟б╫	18912370856	533422198902110856	6222020118912300856	
вт	857 	вт╟ф╟шнИй╟фБ	18912370857	533422198902110857	6222020118912300857	
вт	858 	вт╟ф╟шнИй╟╟ф	18912370858	533422198902110858	6222020118912300858	
вт	859 	вт╟ф╟шнИй╟╬а	18912370859	533422198902110859	6222020118912300859	
вт	860 	вт╟ф╟шб╫й╟	18912370860	533422198902110860	6222020118912300860	
вт	861 	вт╟ф╟шб╫й╟р╪	18912370861	533422198902110861	6222020118912300861	
вт	862 	вт╟ф╟шб╫й╟╥║	18912370862	533422198902110862	6222020118912300862	
вт	863 	вт╟ф╟шб╫й╟хЧ	18912370863	533422198902110863	6222020118912300863	
вт	864 	вт╟ф╟шб╫й╟ка	18912370864	533422198902110864	6222020118912300864	
вт	865 	вт╟ф╟шб╫й╟нИ	18912370865	533422198902110865	6222020118912300865	
вт	866 	вт╟ф╟шб╫й╟б╫	18912370866	533422198902110866	6222020118912300866	
вт	867 	вт╟ф╟шб╫й╟фБ	18912370867	533422198902110867	6222020118912300867	
вт	868 	вт╟ф╟шб╫й╟╟ф	18912370868	533422198902110868	6222020118912300868	
вт	869 	вт╟ф╟шб╫й╟╬а	18912370869	533422198902110869	6222020118912300869	
вт	870 	вт╟ф╟шфБй╟	18912370870	533422198902110870	6222020118912300870	
вт	871 	вт╟ф╟шфБй╟р╪	18912370871	533422198902110871	6222020118912300871	
вт	872 	вт╟ф╟шфБй╟╥║	18912370872	533422198902110872	6222020118912300872	
вт	873 	вт╟ф╟шфБй╟хЧ	18912370873	533422198902110873	6222020118912300873	
вт	874 	вт╟ф╟шфБй╟ка	18912370874	533422198902110874	6222020118912300874	
вт	875 	вт╟ф╟шфБй╟нИ	18912370875	533422198902110875	6222020118912300875	
вт	876 	вт╟ф╟шфБй╟б╫	18912370876	533422198902110876	6222020118912300876	
вт	877 	вт╟ф╟шфБй╟фБ	18912370877	533422198902110877	6222020118912300877	
вт	878 	вт╟ф╟шфБй╟╟ф	18912370878	533422198902110878	6222020118912300878	
вт	879 	вт╟ф╟шфБй╟╬а	18912370879	533422198902110879	6222020118912300879	
вт	880 	вт╟ф╟ш╟фй╟	18912370880	533422198902110880	6222020118912300880	
вт	881 	вт╟ф╟ш╟фй╟р╪	18912370881	533422198902110881	6222020118912300881	
вт	882 	вт╟ф╟ш╟фй╟╥║	18912370882	533422198902110882	6222020118912300882	
вт	883 	вт╟ф╟ш╟фй╟хЧ	18912370883	533422198902110883	6222020118912300883	
вт	884 	вт╟ф╟ш╟фй╟ка	18912370884	533422198902110884	6222020118912300884	
вт	885 	вт╟ф╟ш╟фй╟нИ	18912370885	533422198902110885	6222020118912300885	
вт	886 	вт╟ф╟ш╟фй╟б╫	18912370886	533422198902110886	6222020118912300886	
вт	887 	вт╟ф╟ш╟фй╟фБ	18912370887	533422198902110887	6222020118912300887	
вт	888 	вт╟ф╟ш╟фй╟╟ф	18912370888	533422198902110888	6222020118912300888	
вт	889 	вт╟ф╟ш╟фй╟╬а	18912370889	533422198902110889	6222020118912300889	
вт	890 	вт╟ф╟ш╬ай╟	18912370890	533422198902110890	6222020118912300890	
вт	891 	вт╟ф╟ш╬ай╟р╪	18912370891	533422198902110891	6222020118912300891	
вт	892 	вт╟ф╟ш╬ай╟╥║	18912370892	533422198902110892	6222020118912300892	
вт	893 	вт╟ф╟ш╬ай╟хЧ	18912370893	533422198902110893	6222020118912300893	
вт	894 	вт╟ф╟ш╬ай╟ка	18912370894	533422198902110894	6222020118912300894	
вт	895 	вт╟ф╟ш╬ай╟нИ	18912370895	533422198902110895	6222020118912300895	
вт	896 	вт╟ф╟ш╬ай╟б╫	18912370896	533422198902110896	6222020118912300896	
вт	897 	вт╟ф╟ш╬ай╟фБ	18912370897	533422198902110897	6222020118912300897	
вт	898 	вт╟ф╟ш╬ай╟╟ф	18912370898	533422198902110898	6222020118912300898	
вт	899 	вт╟ф╟ш╬ай╟╬а	18912370899	533422198902110899	6222020118912300899	
вт	900 	вт╬а╟ш	18912370900	533422198902110900	6222020118912300900	
вт	901 	вт╬а╟шаЦр╪	18912370901	533422198902110901	6222020118912300901	
вт	902 	вт╬а╟шаЦ╥║	18912370902	533422198902110902	6222020118912300902	
вт	903 	вт╬а╟шаЦхЧ	18912370903	533422198902110903	6222020118912300903	
вт	904 	вт╬а╟шаЦка	18912370904	533422198902110904	6222020118912300904	
вт	905 	вт╬а╟шаЦнИ	18912370905	533422198902110905	6222020118912300905	
вт	906 	вт╬а╟шаЦб╫	18912370906	533422198902110906	6222020118912300906	
вт	907 	вт╬а╟шаЦфБ	18912370907	533422198902110907	6222020118912300907	
вт	908 	вт╬а╟шаЦ╟ф	18912370908	533422198902110908	6222020118912300908	
вт	909 	вт╬а╟шаЦ╬а	18912370909	533422198902110909	6222020118912300909	
вт	910 	вт╬а╟шр╪й╟	18912370910	533422198902110910	6222020118912300910	
вт	911 	вт╬а╟шр╪й╟р╪	18912370911	533422198902110911	6222020118912300911	
вт	912 	вт╬а╟шр╪й╟╥║	18912370912	533422198902110912	6222020118912300912	
вт	913 	вт╬а╟шр╪й╟хЧ	18912370913	533422198902110913	6222020118912300913	
вт	914 	вт╬а╟шр╪й╟ка	18912370914	533422198902110914	6222020118912300914	
вт	915 	вт╬а╟шр╪й╟нИ	18912370915	533422198902110915	6222020118912300915	
вт	916 	вт╬а╟шр╪й╟б╫	18912370916	533422198902110916	6222020118912300916	
вт	917 	вт╬а╟шр╪й╟фБ	18912370917	533422198902110917	6222020118912300917	
вт	918 	вт╬а╟шр╪й╟╟ф	18912370918	533422198902110918	6222020118912300918	
вт	919 	вт╬а╟шр╪й╟╬а	18912370919	533422198902110919	6222020118912300919	
вт	920 	вт╬а╟ш╥║й╟	18912370920	533422198902110920	6222020118912300920	
вт	921 	вт╬а╟ш╥║й╟р╪	18912370921	533422198902110921	6222020118912300921	
вт	922 	вт╬а╟ш╥║й╟╥║	18912370922	533422198902110922	6222020118912300922	
вт	923 	вт╬а╟ш╥║й╟хЧ	18912370923	533422198902110923	6222020118912300923	
вт	924 	вт╬а╟ш╥║й╟ка	18912370924	533422198902110924	6222020118912300924	
вт	925 	вт╬а╟ш╥║й╟нИ	18912370925	533422198902110925	6222020118912300925	
вт	926 	вт╬а╟ш╥║й╟б╫	18912370926	533422198902110926	6222020118912300926	
вт	927 	вт╬а╟ш╥║й╟фБ	18912370927	533422198902110927	6222020118912300927	
вт	928 	вт╬а╟ш╥║й╟╟ф	18912370928	533422198902110928	6222020118912300928	
вт	929 	вт╬а╟ш╥║й╟╬а	18912370929	533422198902110929	6222020118912300929	
вт	930 	вт╬а╟шхЧй╟	18912370930	533422198902110930	6222020118912300930	
вт	931 	вт╬а╟шхЧй╟р╪	18912370931	533422198902110931	6222020118912300931	
вт	932 	вт╬а╟шхЧй╟╥║	18912370932	533422198902110932	6222020118912300932	
вт	933 	вт╬а╟шхЧй╟хЧ	18912370933	533422198902110933	6222020118912300933	
вт	934 	вт╬а╟шхЧй╟ка	18912370934	533422198902110934	6222020118912300934	
вт	935 	вт╬а╟шхЧй╟нИ	18912370935	533422198902110935	6222020118912300935	
вт	936 	вт╬а╟шхЧй╟б╫	18912370936	533422198902110936	6222020118912300936	
вт	937 	вт╬а╟шхЧй╟фБ	18912370937	533422198902110937	6222020118912300937	
вт	938 	вт╬а╟шхЧй╟╟ф	18912370938	533422198902110938	6222020118912300938	
вт	939 	вт╬а╟шхЧй╟╬а	18912370939	533422198902110939	6222020118912300939	
вт	940 	вт╬а╟шкай╟	18912370940	533422198902110940	6222020118912300940	
вт	941 	вт╬а╟шкай╟р╪	18912370941	533422198902110941	6222020118912300941	
вт	942 	вт╬а╟шкай╟╥║	18912370942	533422198902110942	6222020118912300942	
вт	943 	вт╬а╟шкай╟хЧ	18912370943	533422198902110943	6222020118912300943	
вт	944 	вт╬а╟шкай╟ка	18912370944	533422198902110944	6222020118912300944	
вт	945 	вт╬а╟шкай╟нИ	18912370945	533422198902110945	6222020118912300945	
вт	946 	вт╬а╟шкай╟б╫	18912370946	533422198902110946	6222020118912300946	
вт	947 	вт╬а╟шкай╟фБ	18912370947	533422198902110947	6222020118912300947	
вт	948 	вт╬а╟шкай╟╟ф	18912370948	533422198902110948	6222020118912300948	
вт	949 	вт╬а╟шкай╟╬а	18912370949	533422198902110949	6222020118912300949	
вт	950 	вт╬а╟шнИй╟	18912370950	533422198902110950	6222020118912300950	
вт	951 	вт╬а╟шнИй╟р╪	18912370951	533422198902110951	6222020118912300951	
вт	952 	вт╬а╟шнИй╟╥║	18912370952	533422198902110952	6222020118912300952	
вт	953 	вт╬а╟шнИй╟хЧ	18912370953	533422198902110953	6222020118912300953	
вт	954 	вт╬а╟шнИй╟ка	18912370954	533422198902110954	6222020118912300954	
вт	955 	вт╬а╟шнИй╟нИ	18912370955	533422198902110955	6222020118912300955	
вт	956 	вт╬а╟шнИй╟б╫	18912370956	533422198902110956	6222020118912300956	
вт	957 	вт╬а╟шнИй╟фБ	18912370957	533422198902110957	6222020118912300957	
вт	958 	вт╬а╟шнИй╟╟ф	18912370958	533422198902110958	6222020118912300958	
вт	959 	вт╬а╟шнИй╟╬а	18912370959	533422198902110959	6222020118912300959	
вт	960 	вт╬а╟шб╫й╟	18912370960	533422198902110960	6222020118912300960	
вт	961 	вт╬а╟шб╫й╟р╪	18912370961	533422198902110961	6222020118912300961	
вт	962 	вт╬а╟шб╫й╟╥║	18912370962	533422198902110962	6222020118912300962	
вт	963 	вт╬а╟шб╫й╟хЧ	18912370963	533422198902110963	6222020118912300963	
вт	964 	вт╬а╟шб╫й╟ка	18912370964	533422198902110964	6222020118912300964	
вт	965 	вт╬а╟шб╫й╟нИ	18912370965	533422198902110965	6222020118912300965	
вт	966 	вт╬а╟шб╫й╟б╫	18912370966	533422198902110966	6222020118912300966	
вт	967 	вт╬а╟шб╫й╟фБ	18912370967	533422198902110967	6222020118912300967	
вт	968 	вт╬а╟шб╫й╟╟ф	18912370968	533422198902110968	6222020118912300968	
вт	969 	вт╬а╟шб╫й╟╬а	18912370969	533422198902110969	6222020118912300969	
вт	970 	вт╬а╟шфБй╟	18912370970	533422198902110970	6222020118912300970	
вт	971 	вт╬а╟шфБй╟р╪	18912370971	533422198902110971	6222020118912300971	
вт	972 	вт╬а╟шфБй╟╥║	18912370972	533422198902110972	6222020118912300972	
вт	973 	вт╬а╟шфБй╟хЧ	18912370973	533422198902110973	6222020118912300973	
вт	974 	вт╬а╟шфБй╟ка	18912370974	533422198902110974	6222020118912300974	
вт	975 	вт╬а╟шфБй╟нИ	18912370975	533422198902110975	6222020118912300975	
вт	976 	вт╬а╟шфБй╟б╫	18912370976	533422198902110976	6222020118912300976	
вт	977 	вт╬а╟шфБй╟фБ	18912370977	533422198902110977	6222020118912300977	
вт	978 	вт╬а╟шфБй╟╟ф	18912370978	533422198902110978	6222020118912300978	
вт	979 	вт╬а╟шфБй╟╬а	18912370979	533422198902110979	6222020118912300979	
вт	980 	вт╬а╟ш╟фй╟	18912370980	533422198902110980	6222020118912300980	
вт	981 	вт╬а╟ш╟фй╟р╪	18912370981	533422198902110981	6222020118912300981	
вт	982 	вт╬а╟ш╟фй╟╥║	18912370982	533422198902110982	6222020118912300982	
вт	983 	вт╬а╟ш╟фй╟хЧ	18912370983	533422198902110983	6222020118912300983	
вт	984 	вт╬а╟ш╟фй╟ка	18912370984	533422198902110984	6222020118912300984	
вт	985 	вт╬а╟ш╟фй╟нИ	18912370985	533422198902110985	6222020118912300985	
вт	986 	вт╬а╟ш╟фй╟б╫	18912370986	533422198902110986	6222020118912300986	
вт	987 	вт╬а╟ш╟фй╟фБ	18912370987	533422198902110987	6222020118912300987	
вт	988 	вт╬а╟ш╟фй╟╟ф	18912370988	533422198902110988	6222020118912300988	
вт	989 	вт╬а╟ш╟фй╟╬а	18912370989	533422198902110989	6222020118912300989	
вт	990 	вт╬а╟ш╬ай╟	18912370990	533422198902110990	6222020118912300990	
вт	991 	вт╬а╟ш╬ай╟р╪	18912370991	533422198902110991	6222020118912300991	
вт	992 	вт╬а╟ш╬ай╟╥║	18912370992	533422198902110992	6222020118912300992	
вт	993 	вт╬а╟ш╬ай╟хЧ	18912370993	533422198902110993	6222020118912300993	
вт	994 	вт╬а╟ш╬ай╟ка	18912370994	533422198902110994	6222020118912300994	
вт	995 	вт╬а╟ш╬ай╟нИ	18912370995	533422198902110995	6222020118912300995	
вт	996 	вт╬а╟ш╬ай╟б╫	18912370996	533422198902110996	6222020118912300996	
вт	997 	вт╬а╟ш╬ай╟фБ	18912370997	533422198902110997	6222020118912300997	
вт	998 	вт╬а╟ш╬ай╟╟ф	18912370998	533422198902110998	6222020118912300998	
вт	999 	вт╬а╟ш╬ай╟╬а	18912370999	533422198902110999	6222020118912300999	
вт	1000 	втр╪г╙	18912371000	533422198902111000	6222020118912301000	
вт	1001 	втр╪г╙аЦр╪	18912371001	533422198902111001	6222020118912301001	
вт	1002 	втр╪г╙аЦ╥║	18912371002	533422198902111002	6222020118912301002	
вт	1003 	втр╪г╙аЦхЧ	18912371003	533422198902111003	6222020118912301003	
вт	1004 	втр╪г╙аЦка	18912371004	533422198902111004	6222020118912301004	
вт	1005 	втр╪г╙аЦнИ	18912371005	533422198902111005	6222020118912301005	
вт	1006 	втр╪г╙аЦб╫	18912371006	533422198902111006	6222020118912301006	
вт	1007 	втр╪г╙аЦфБ	18912371007	533422198902111007	6222020118912301007	
вт	1008 	втр╪г╙аЦ╟ф	18912371008	533422198902111008	6222020118912301008	
вт	1009 	втр╪г╙аЦ╬а	18912371009	533422198902111009	6222020118912301009	
вт	1010 	втр╪г╙аЦр╪й╟	18912371010	533422198902111010	6222020118912301010	
вт	1011 	втр╪г╙аЦр╪й╟р╪	18912371011	533422198902111011	6222020118912301011	
вт	1012 	втр╪г╙аЦр╪й╟╥║	18912371012	533422198902111012	6222020118912301012	
вт	1013 	втр╪г╙аЦр╪й╟хЧ	18912371013	533422198902111013	6222020118912301013	
вт	1014 	втр╪г╙аЦр╪й╟ка	18912371014	533422198902111014	6222020118912301014	
вт	1015 	втр╪г╙аЦр╪й╟нИ	18912371015	533422198902111015	6222020118912301015	
вт	1016 	втр╪г╙аЦр╪й╟б╫	18912371016	533422198902111016	6222020118912301016	
вт	1017 	втр╪г╙аЦр╪й╟фБ	18912371017	533422198902111017	6222020118912301017	
вт	1018 	втр╪г╙аЦр╪й╟╟ф	18912371018	533422198902111018	6222020118912301018	
вт	1019 	втр╪г╙аЦр╪й╟╬а	18912371019	533422198902111019	6222020118912301019	
вт	1020 	втр╪г╙аЦ╥║й╟	18912371020	533422198902111020	6222020118912301020	
вт	1021 	втр╪г╙аЦ╥║й╟р╪	18912371021	533422198902111021	6222020118912301021	
вт	1022 	втр╪г╙аЦ╥║й╟╥║	18912371022	533422198902111022	6222020118912301022	
вт	1023 	втр╪г╙аЦ╥║й╟хЧ	18912371023	533422198902111023	6222020118912301023	
вт	1024 	втр╪г╙аЦ╥║й╟ка	18912371024	533422198902111024	6222020118912301024	
вт	1025 	втр╪г╙аЦ╥║й╟нИ	18912371025	533422198902111025	6222020118912301025	
вт	1026 	втр╪г╙аЦ╥║й╟б╫	18912371026	533422198902111026	6222020118912301026	
вт	1027 	втр╪г╙аЦ╥║й╟фБ	18912371027	533422198902111027	6222020118912301027	
вт	1028 	втр╪г╙аЦ╥║й╟╟ф	18912371028	533422198902111028	6222020118912301028	
вт	1029 	втр╪г╙аЦ╥║й╟╬а	18912371029	533422198902111029	6222020118912301029	
вт	1030 	втр╪г╙аЦхЧй╟	18912371030	533422198902111030	6222020118912301030	
вт	1031 	втр╪г╙аЦхЧй╟р╪	18912371031	533422198902111031	6222020118912301031	
вт	1032 	втр╪г╙аЦхЧй╟╥║	18912371032	533422198902111032	6222020118912301032	
вт	1033 	втр╪г╙аЦхЧй╟хЧ	18912371033	533422198902111033	6222020118912301033	
вт	1034 	втр╪г╙аЦхЧй╟ка	18912371034	533422198902111034	6222020118912301034	
вт	1035 	втр╪г╙аЦхЧй╟нИ	18912371035	533422198902111035	6222020118912301035	
вт	1036 	втр╪г╙аЦхЧй╟б╫	18912371036	533422198902111036	6222020118912301036	
вт	1037 	втр╪г╙аЦхЧй╟фБ	18912371037	533422198902111037	6222020118912301037	
вт	1038 	втр╪г╙аЦхЧй╟╟ф	18912371038	533422198902111038	6222020118912301038	
вт	1039 	втр╪г╙аЦхЧй╟╬а	18912371039	533422198902111039	6222020118912301039	
вт	1040 	втр╪г╙аЦкай╟	18912371040	533422198902111040	6222020118912301040	
вт	1041 	втр╪г╙аЦкай╟р╪	18912371041	533422198902111041	6222020118912301041	
вт	1042 	втр╪г╙аЦкай╟╥║	18912371042	533422198902111042	6222020118912301042	
вт	1043 	втр╪г╙аЦкай╟хЧ	18912371043	533422198902111043	6222020118912301043	
вт	1044 	втр╪г╙аЦкай╟ка	18912371044	533422198902111044	6222020118912301044	
вт	1045 	втр╪г╙аЦкай╟нИ	18912371045	533422198902111045	6222020118912301045	
вт	1046 	втр╪г╙аЦкай╟б╫	18912371046	533422198902111046	6222020118912301046	
вт	1047 	втр╪г╙аЦкай╟фБ	18912371047	533422198902111047	6222020118912301047	
вт	1048 	втр╪г╙аЦкай╟╟ф	18912371048	533422198902111048	6222020118912301048	
вт	1049 	втр╪г╙аЦкай╟╬а	18912371049	533422198902111049	6222020118912301049	
вт	1050 	втр╪г╙аЦнИй╟	18912371050	533422198902111050	6222020118912301050	
вт	1051 	втр╪г╙аЦнИй╟р╪	18912371051	533422198902111051	6222020118912301051	
вт	1052 	втр╪г╙аЦнИй╟╥║	18912371052	533422198902111052	6222020118912301052	
вт	1053 	втр╪г╙аЦнИй╟хЧ	18912371053	533422198902111053	6222020118912301053	
вт	1054 	втр╪г╙аЦнИй╟ка	18912371054	533422198902111054	6222020118912301054	
вт	1055 	втр╪г╙аЦнИй╟нИ	18912371055	533422198902111055	6222020118912301055	
вт	1056 	втр╪г╙аЦнИй╟б╫	18912371056	533422198902111056	6222020118912301056	
вт	1057 	втр╪г╙аЦнИй╟фБ	18912371057	533422198902111057	6222020118912301057	
вт	1058 	втр╪г╙аЦнИй╟╟ф	18912371058	533422198902111058	6222020118912301058	
вт	1059 	втр╪г╙аЦнИй╟╬а	18912371059	533422198902111059	6222020118912301059	
вт	1060 	втр╪г╙аЦб╫й╟	18912371060	533422198902111060	6222020118912301060	
вт	1061 	втр╪г╙аЦб╫й╟р╪	18912371061	533422198902111061	6222020118912301061	
вт	1062 	втр╪г╙аЦб╫й╟╥║	18912371062	533422198902111062	6222020118912301062	
вт	1063 	втр╪г╙аЦб╫й╟хЧ	18912371063	533422198902111063	6222020118912301063	
вт	1064 	втр╪г╙аЦб╫й╟ка	18912371064	533422198902111064	6222020118912301064	
вт	1065 	втр╪г╙аЦб╫й╟нИ	18912371065	533422198902111065	6222020118912301065	
вт	1066 	втр╪г╙аЦб╫й╟б╫	18912371066	533422198902111066	6222020118912301066	
вт	1067 	втр╪г╙аЦб╫й╟фБ	18912371067	533422198902111067	6222020118912301067	
вт	1068 	втр╪г╙аЦб╫й╟╟ф	18912371068	533422198902111068	6222020118912301068	
вт	1069 	втр╪г╙аЦб╫й╟╬а	18912371069	533422198902111069	6222020118912301069	
вт	1070 	втр╪г╙аЦфБй╟	18912371070	533422198902111070	6222020118912301070	
вт	1071 	втр╪г╙аЦфБй╟р╪	18912371071	533422198902111071	6222020118912301071	
вт	1072 	втр╪г╙аЦфБй╟╥║	18912371072	533422198902111072	6222020118912301072	
вт	1073 	втр╪г╙аЦфБй╟хЧ	18912371073	533422198902111073	6222020118912301073	
вт	1074 	втр╪г╙аЦфБй╟ка	18912371074	533422198902111074	6222020118912301074	
вт	1075 	втр╪г╙аЦфБй╟нИ	18912371075	533422198902111075	6222020118912301075	
вт	1076 	втр╪г╙аЦфБй╟б╫	18912371076	533422198902111076	6222020118912301076	
вт	1077 	втр╪г╙аЦфБй╟фБ	18912371077	533422198902111077	6222020118912301077	
вт	1078 	втр╪г╙аЦфБй╟╟ф	18912371078	533422198902111078	6222020118912301078	
вт	1079 	втр╪г╙аЦфБй╟╬а	18912371079	533422198902111079	6222020118912301079	
вт	1080 	втр╪г╙аЦ╟фй╟	18912371080	533422198902111080	6222020118912301080	
вт	1081 	втр╪г╙аЦ╟фй╟р╪	18912371081	533422198902111081	6222020118912301081	
вт	1082 	втр╪г╙аЦ╟фй╟╥║	18912371082	533422198902111082	6222020118912301082	
вт	1083 	втр╪г╙аЦ╟фй╟хЧ	18912371083	533422198902111083	6222020118912301083	
вт	1084 	втр╪г╙аЦ╟фй╟ка	18912371084	533422198902111084	6222020118912301084	
вт	1085 	втр╪г╙аЦ╟фй╟нИ	18912371085	533422198902111085	6222020118912301085	
вт	1086 	втр╪г╙аЦ╟фй╟б╫	18912371086	533422198902111086	6222020118912301086	
вт	1087 	втр╪г╙аЦ╟фй╟фБ	18912371087	533422198902111087	6222020118912301087	
вт	1088 	втр╪г╙аЦ╟фй╟╟ф	18912371088	533422198902111088	6222020118912301088	
вт	1089 	втр╪г╙аЦ╟фй╟╬а	18912371089	533422198902111089	6222020118912301089	
вт	1090 	втр╪г╙аЦ╬ай╟	18912371090	533422198902111090	6222020118912301090	
вт	1091 	втр╪г╙аЦ╬ай╟р╪	18912371091	533422198902111091	6222020118912301091	
вт	1092 	втр╪г╙аЦ╬ай╟╥║	18912371092	533422198902111092	6222020118912301092	
вт	1093 	втр╪г╙аЦ╬ай╟хЧ	18912371093	533422198902111093	6222020118912301093	
вт	1094 	втр╪г╙аЦ╬ай╟ка	18912371094	533422198902111094	6222020118912301094	
вт	1095 	втр╪г╙аЦ╬ай╟нИ	18912371095	533422198902111095	6222020118912301095	
вт	1096 	втр╪г╙аЦ╬ай╟б╫	18912371096	533422198902111096	6222020118912301096	
вт	1097 	втр╪г╙аЦ╬ай╟фБ	18912371097	533422198902111097	6222020118912301097	
вт	1098 	втр╪г╙аЦ╬ай╟╟ф	18912371098	533422198902111098	6222020118912301098	
вт	1099 	втр╪г╙аЦ╬ай╟╬а	18912371099	533422198902111099	6222020118912301099	
вт	1100 	втр╪г╙р╪╟ш	18912371100	533422198902111100	6222020118912301100	
вт	1101 	втр╪г╙р╪╟шаЦр╪	18912371101	533422198902111101	6222020118912301101	
вт	1102 	втр╪г╙р╪╟шаЦ╥║	18912371102	533422198902111102	6222020118912301102	
вт	1103 	втр╪г╙р╪╟шаЦхЧ	18912371103	533422198902111103	6222020118912301103	
вт	1104 	втр╪г╙р╪╟шаЦка	18912371104	533422198902111104	6222020118912301104	
вт	1105 	втр╪г╙р╪╟шаЦнИ	18912371105	533422198902111105	6222020118912301105	
вт	1106 	втр╪г╙р╪╟шаЦб╫	18912371106	533422198902111106	6222020118912301106	
вт	1107 	втр╪г╙р╪╟шаЦфБ	18912371107	533422198902111107	6222020118912301107	
вт	1108 	втр╪г╙р╪╟шаЦ╟ф	18912371108	533422198902111108	6222020118912301108	
вт	1109 	втр╪г╙р╪╟шаЦ╬а	18912371109	533422198902111109	6222020118912301109	
вт	1110 	втр╪г╙р╪╟шр╪й╟	18912371110	533422198902111110	6222020118912301110	
вт	1111 	втр╪г╙р╪╟шр╪й╟р╪	18912371111	533422198902111111	6222020118912301111	
вт	1112 	втр╪г╙р╪╟шр╪й╟╥║	18912371112	533422198902111112	6222020118912301112	
вт	1113 	втр╪г╙р╪╟шр╪й╟хЧ	18912371113	533422198902111113	6222020118912301113	
вт	1114 	втр╪г╙р╪╟шр╪й╟ка	18912371114	533422198902111114	6222020118912301114	
вт	1115 	втр╪г╙р╪╟шр╪й╟нИ	18912371115	533422198902111115	6222020118912301115	
вт	1116 	втр╪г╙р╪╟шр╪й╟б╫	18912371116	533422198902111116	6222020118912301116	
вт	1117 	втр╪г╙р╪╟шр╪й╟фБ	18912371117	533422198902111117	6222020118912301117	
вт	1118 	втр╪г╙р╪╟шр╪й╟╟ф	18912371118	533422198902111118	6222020118912301118	
вт	1119 	втр╪г╙р╪╟шр╪й╟╬а	18912371119	533422198902111119	6222020118912301119	
вт	1120 	втр╪г╙р╪╟ш╥║й╟	18912371120	533422198902111120	6222020118912301120	
вт	1121 	втр╪г╙р╪╟ш╥║й╟р╪	18912371121	533422198902111121	6222020118912301121	
вт	1122 	втр╪г╙р╪╟ш╥║й╟╥║	18912371122	533422198902111122	6222020118912301122	
вт	1123 	втр╪г╙р╪╟ш╥║й╟хЧ	18912371123	533422198902111123	6222020118912301123	
вт	1124 	втр╪г╙р╪╟ш╥║й╟ка	18912371124	533422198902111124	6222020118912301124	
вт	1125 	втр╪г╙р╪╟ш╥║й╟нИ	18912371125	533422198902111125	6222020118912301125	
вт	1126 	втр╪г╙р╪╟ш╥║й╟б╫	18912371126	533422198902111126	6222020118912301126	
вт	1127 	втр╪г╙р╪╟ш╥║й╟фБ	18912371127	533422198902111127	6222020118912301127	
вт	1128 	втр╪г╙р╪╟ш╥║й╟╟ф	18912371128	533422198902111128	6222020118912301128	
вт	1129 	втр╪г╙р╪╟ш╥║й╟╬а	18912371129	533422198902111129	6222020118912301129	
вт	1130 	втр╪г╙р╪╟шхЧй╟	18912371130	533422198902111130	6222020118912301130	
вт	1131 	втр╪г╙р╪╟шхЧй╟р╪	18912371131	533422198902111131	6222020118912301131	
вт	1132 	втр╪г╙р╪╟шхЧй╟╥║	18912371132	533422198902111132	6222020118912301132	
вт	1133 	втр╪г╙р╪╟шхЧй╟хЧ	18912371133	533422198902111133	6222020118912301133	
вт	1134 	втр╪г╙р╪╟шхЧй╟ка	18912371134	533422198902111134	6222020118912301134	
вт	1135 	втр╪г╙р╪╟шхЧй╟нИ	18912371135	533422198902111135	6222020118912301135	
вт	1136 	втр╪г╙р╪╟шхЧй╟б╫	18912371136	533422198902111136	6222020118912301136	
вт	1137 	втр╪г╙р╪╟шхЧй╟фБ	18912371137	533422198902111137	6222020118912301137	
вт	1138 	втр╪г╙р╪╟шхЧй╟╟ф	18912371138	533422198902111138	6222020118912301138	
вт	1139 	втр╪г╙р╪╟шхЧй╟╬а	18912371139	533422198902111139	6222020118912301139	
вт	1140 	втр╪г╙р╪╟шкай╟	18912371140	533422198902111140	6222020118912301140	
вт	1141 	втр╪г╙р╪╟шкай╟р╪	18912371141	533422198902111141	6222020118912301141	
вт	1142 	втр╪г╙р╪╟шкай╟╥║	18912371142	533422198902111142	6222020118912301142	
вт	1143 	втр╪г╙р╪╟шкай╟хЧ	18912371143	533422198902111143	6222020118912301143	
вт	1144 	втр╪г╙р╪╟шкай╟ка	18912371144	533422198902111144	6222020118912301144	
вт	1145 	втр╪г╙р╪╟шкай╟нИ	18912371145	533422198902111145	6222020118912301145	
вт	1146 	втр╪г╙р╪╟шкай╟б╫	18912371146	533422198902111146	6222020118912301146	
вт	1147 	втр╪г╙р╪╟шкай╟фБ	18912371147	533422198902111147	6222020118912301147	
вт	1148 	втр╪г╙р╪╟шкай╟╟ф	18912371148	533422198902111148	6222020118912301148	
вт	1149 	втр╪г╙р╪╟шкай╟╬а	18912371149	533422198902111149	6222020118912301149	
вт	1150 	втр╪г╙р╪╟шнИй╟	18912371150	533422198902111150	6222020118912301150	
вт	1151 	втр╪г╙р╪╟шнИй╟р╪	18912371151	533422198902111151	6222020118912301151	
вт	1152 	втр╪г╙р╪╟шнИй╟╥║	18912371152	533422198902111152	6222020118912301152	
вт	1153 	втр╪г╙р╪╟шнИй╟хЧ	18912371153	533422198902111153	6222020118912301153	
вт	1154 	втр╪г╙р╪╟шнИй╟ка	18912371154	533422198902111154	6222020118912301154	
вт	1155 	втр╪г╙р╪╟шнИй╟нИ	18912371155	533422198902111155	6222020118912301155	
вт	1156 	втр╪г╙р╪╟шнИй╟б╫	18912371156	533422198902111156	6222020118912301156	
вт	1157 	втр╪г╙р╪╟шнИй╟фБ	18912371157	533422198902111157	6222020118912301157	
вт	1158 	втр╪г╙р╪╟шнИй╟╟ф	18912371158	533422198902111158	6222020118912301158	
вт	1159 	втр╪г╙р╪╟шнИй╟╬а	18912371159	533422198902111159	6222020118912301159	
вт	1160 	втр╪г╙р╪╟шб╫й╟	18912371160	533422198902111160	6222020118912301160	
вт	1161 	втр╪г╙р╪╟шб╫й╟р╪	18912371161	533422198902111161	6222020118912301161	
вт	1162 	втр╪г╙р╪╟шб╫й╟╥║	18912371162	533422198902111162	6222020118912301162	
вт	1163 	втр╪г╙р╪╟шб╫й╟хЧ	18912371163	533422198902111163	6222020118912301163	
вт	1164 	втр╪г╙р╪╟шб╫й╟ка	18912371164	533422198902111164	6222020118912301164	
вт	1165 	втр╪г╙р╪╟шб╫й╟нИ	18912371165	533422198902111165	6222020118912301165	
вт	1166 	втр╪г╙р╪╟шб╫й╟б╫	18912371166	533422198902111166	6222020118912301166	
вт	1167 	втр╪г╙р╪╟шб╫й╟фБ	18912371167	533422198902111167	6222020118912301167	
вт	1168 	втр╪г╙р╪╟шб╫й╟╟ф	18912371168	533422198902111168	6222020118912301168	
вт	1169 	втр╪г╙р╪╟шб╫й╟╬а	18912371169	533422198902111169	6222020118912301169	
вт	1170 	втр╪г╙р╪╟шфБй╟	18912371170	533422198902111170	6222020118912301170	
вт	1171 	втр╪г╙р╪╟шфБй╟р╪	18912371171	533422198902111171	6222020118912301171	
вт	1172 	втр╪г╙р╪╟шфБй╟╥║	18912371172	533422198902111172	6222020118912301172	
вт	1173 	втр╪г╙р╪╟шфБй╟хЧ	18912371173	533422198902111173	6222020118912301173	
вт	1174 	втр╪г╙р╪╟шфБй╟ка	18912371174	533422198902111174	6222020118912301174	
вт	1175 	втр╪г╙р╪╟шфБй╟нИ	18912371175	533422198902111175	6222020118912301175	
вт	1176 	втр╪г╙р╪╟шфБй╟б╫	18912371176	533422198902111176	6222020118912301176	
вт	1177 	втр╪г╙р╪╟шфБй╟фБ	18912371177	533422198902111177	6222020118912301177	
вт	1178 	втр╪г╙р╪╟шфБй╟╟ф	18912371178	533422198902111178	6222020118912301178	
вт	1179 	втр╪г╙р╪╟шфБй╟╬а	18912371179	533422198902111179	6222020118912301179	
вт	1180 	втр╪г╙р╪╟ш╟фй╟	18912371180	533422198902111180	6222020118912301180	
вт	1181 	втр╪г╙р╪╟ш╟фй╟р╪	18912371181	533422198902111181	6222020118912301181	
вт	1182 	втр╪г╙р╪╟ш╟фй╟╥║	18912371182	533422198902111182	6222020118912301182	
вт	1183 	втр╪г╙р╪╟ш╟фй╟хЧ	18912371183	533422198902111183	6222020118912301183	
вт	1184 	втр╪г╙р╪╟ш╟фй╟ка	18912371184	533422198902111184	6222020118912301184	
вт	1185 	втр╪г╙р╪╟ш╟фй╟нИ	18912371185	533422198902111185	6222020118912301185	
вт	1186 	втр╪г╙р╪╟ш╟фй╟б╫	18912371186	533422198902111186	6222020118912301186	
вт	1187 	втр╪г╙р╪╟ш╟фй╟фБ	18912371187	533422198902111187	6222020118912301187	
вт	1188 	втр╪г╙р╪╟ш╟фй╟╟ф	18912371188	533422198902111188	6222020118912301188	
вт	1189 	втр╪г╙р╪╟ш╟фй╟╬а	18912371189	533422198902111189	6222020118912301189	
вт	1190 	втр╪г╙р╪╟ш╬ай╟	18912371190	533422198902111190	6222020118912301190	
вт	1191 	втр╪г╙р╪╟ш╬ай╟р╪	18912371191	533422198902111191	6222020118912301191	
вт	1192 	втр╪г╙р╪╟ш╬ай╟╥║	18912371192	533422198902111192	6222020118912301192	
вт	1193 	втр╪г╙р╪╟ш╬ай╟хЧ	18912371193	533422198902111193	6222020118912301193	
вт	1194 	втр╪г╙р╪╟ш╬ай╟ка	18912371194	533422198902111194	6222020118912301194	
вт	1195 	втр╪г╙р╪╟ш╬ай╟нИ	18912371195	533422198902111195	6222020118912301195	
вт	1196 	втр╪г╙р╪╟ш╬ай╟б╫	18912371196	533422198902111196	6222020118912301196	
вт	1197 	втр╪г╙р╪╟ш╬ай╟фБ	18912371197	533422198902111197	6222020118912301197	
вт	1198 	втр╪г╙р╪╟ш╬ай╟╟ф	18912371198	533422198902111198	6222020118912301198	
вт	1199 	втр╪г╙р╪╟ш╬ай╟╬а	18912371199	533422198902111199	6222020118912301199	
вт	1200 	втр╪г╙╥║╟ш	18912371200	533422198902111200	6222020118912301200	
вт	1201 	втр╪г╙╥║╟шаЦр╪	18912371201	533422198902111201	6222020118912301201	
вт	1202 	втр╪г╙╥║╟шаЦ╥║	18912371202	533422198902111202	6222020118912301202	
вт	1203 	втр╪г╙╥║╟шаЦхЧ	18912371203	533422198902111203	6222020118912301203	
вт	1204 	втр╪г╙╥║╟шаЦка	18912371204	533422198902111204	6222020118912301204	
вт	1205 	втр╪г╙╥║╟шаЦнИ	18912371205	533422198902111205	6222020118912301205	
вт	1206 	втр╪г╙╥║╟шаЦб╫	18912371206	533422198902111206	6222020118912301206	
вт	1207 	втр╪г╙╥║╟шаЦфБ	18912371207	533422198902111207	6222020118912301207	
вт	1208 	втр╪г╙╥║╟шаЦ╟ф	18912371208	533422198902111208	6222020118912301208	
вт	1209 	втр╪г╙╥║╟шаЦ╬а	18912371209	533422198902111209	6222020118912301209	
вт	1210 	втр╪г╙╥║╟шр╪й╟	18912371210	533422198902111210	6222020118912301210	
вт	1211 	втр╪г╙╥║╟шр╪й╟р╪	18912371211	533422198902111211	6222020118912301211	
вт	1212 	втр╪г╙╥║╟шр╪й╟╥║	18912371212	533422198902111212	6222020118912301212	
вт	1213 	втр╪г╙╥║╟шр╪й╟хЧ	18912371213	533422198902111213	6222020118912301213	
вт	1214 	втр╪г╙╥║╟шр╪й╟ка	18912371214	533422198902111214	6222020118912301214	
вт	1215 	втр╪г╙╥║╟шр╪й╟нИ	18912371215	533422198902111215	6222020118912301215	
вт	1216 	втр╪г╙╥║╟шр╪й╟б╫	18912371216	533422198902111216	6222020118912301216	
вт	1217 	втр╪г╙╥║╟шр╪й╟фБ	18912371217	533422198902111217	6222020118912301217	
вт	1218 	втр╪г╙╥║╟шр╪й╟╟ф	18912371218	533422198902111218	6222020118912301218	
вт	1219 	втр╪г╙╥║╟шр╪й╟╬а	18912371219	533422198902111219	6222020118912301219	
вт	1220 	втр╪г╙╥║╟ш╥║й╟	18912371220	533422198902111220	6222020118912301220	
вт	1221 	втр╪г╙╥║╟ш╥║й╟р╪	18912371221	533422198902111221	6222020118912301221	
вт	1222 	втр╪г╙╥║╟ш╥║й╟╥║	18912371222	533422198902111222	6222020118912301222	
вт	1223 	втр╪г╙╥║╟ш╥║й╟хЧ	18912371223	533422198902111223	6222020118912301223	
вт	1224 	втр╪г╙╥║╟ш╥║й╟ка	18912371224	533422198902111224	6222020118912301224	
вт	1225 	втр╪г╙╥║╟ш╥║й╟нИ	18912371225	533422198902111225	6222020118912301225	
вт	1226 	втр╪г╙╥║╟ш╥║й╟б╫	18912371226	533422198902111226	6222020118912301226	
вт	1227 	втр╪г╙╥║╟ш╥║й╟фБ	18912371227	533422198902111227	6222020118912301227	
вт	1228 	втр╪г╙╥║╟ш╥║й╟╟ф	18912371228	533422198902111228	6222020118912301228	
вт	1229 	втр╪г╙╥║╟ш╥║й╟╬а	18912371229	533422198902111229	6222020118912301229	
вт	1230 	втр╪г╙╥║╟шхЧй╟	18912371230	533422198902111230	6222020118912301230	
вт	1231 	втр╪г╙╥║╟шхЧй╟р╪	18912371231	533422198902111231	6222020118912301231	
вт	1232 	втр╪г╙╥║╟шхЧй╟╥║	18912371232	533422198902111232	6222020118912301232	
вт	1233 	втр╪г╙╥║╟шхЧй╟хЧ	18912371233	533422198902111233	6222020118912301233	
вт	1234 	втр╪г╙╥║╟шхЧй╟ка	18912371234	533422198902111234	6222020118912301234	
вт	1235 	втр╪г╙╥║╟шхЧй╟нИ	18912371235	533422198902111235	6222020118912301235	
вт	1236 	втр╪г╙╥║╟шхЧй╟б╫	18912371236	533422198902111236	6222020118912301236	
вт	1237 	втр╪г╙╥║╟шхЧй╟фБ	18912371237	533422198902111237	6222020118912301237	
вт	1238 	втр╪г╙╥║╟шхЧй╟╟ф	18912371238	533422198902111238	6222020118912301238	
вт	1239 	втр╪г╙╥║╟шхЧй╟╬а	18912371239	533422198902111239	6222020118912301239	
вт	1240 	втр╪г╙╥║╟шкай╟	18912371240	533422198902111240	6222020118912301240	
вт	1241 	втр╪г╙╥║╟шкай╟р╪	18912371241	533422198902111241	6222020118912301241	
вт	1242 	втр╪г╙╥║╟шкай╟╥║	18912371242	533422198902111242	6222020118912301242	
вт	1243 	втр╪г╙╥║╟шкай╟хЧ	18912371243	533422198902111243	6222020118912301243	
вт	1244 	втр╪г╙╥║╟шкай╟ка	18912371244	533422198902111244	6222020118912301244	
вт	1245 	втр╪г╙╥║╟шкай╟нИ	18912371245	533422198902111245	6222020118912301245	
вт	1246 	втр╪г╙╥║╟шкай╟б╫	18912371246	533422198902111246	6222020118912301246	
вт	1247 	втр╪г╙╥║╟шкай╟фБ	18912371247	533422198902111247	6222020118912301247	
вт	1248 	втр╪г╙╥║╟шкай╟╟ф	18912371248	533422198902111248	6222020118912301248	
вт	1249 	втр╪г╙╥║╟шкай╟╬а	18912371249	533422198902111249	6222020118912301249	
вт	1250 	втр╪г╙╥║╟шнИй╟	18912371250	533422198902111250	6222020118912301250	
вт	1251 	втр╪г╙╥║╟шнИй╟р╪	18912371251	533422198902111251	6222020118912301251	
вт	1252 	втр╪г╙╥║╟шнИй╟╥║	18912371252	533422198902111252	6222020118912301252	
вт	1253 	втр╪г╙╥║╟шнИй╟хЧ	18912371253	533422198902111253	6222020118912301253	
вт	1254 	втр╪г╙╥║╟шнИй╟ка	18912371254	533422198902111254	6222020118912301254	
вт	1255 	втр╪г╙╥║╟шнИй╟нИ	18912371255	533422198902111255	6222020118912301255	
вт	1256 	втр╪г╙╥║╟шнИй╟б╫	18912371256	533422198902111256	6222020118912301256	
вт	1257 	втр╪г╙╥║╟шнИй╟фБ	18912371257	533422198902111257	6222020118912301257	
вт	1258 	втр╪г╙╥║╟шнИй╟╟ф	18912371258	533422198902111258	6222020118912301258	
вт	1259 	втр╪г╙╥║╟шнИй╟╬а	18912371259	533422198902111259	6222020118912301259	
вт	1260 	втр╪г╙╥║╟шб╫й╟	18912371260	533422198902111260	6222020118912301260	
вт	1261 	втр╪г╙╥║╟шб╫й╟р╪	18912371261	533422198902111261	6222020118912301261	
вт	1262 	втр╪г╙╥║╟шб╫й╟╥║	18912371262	533422198902111262	6222020118912301262	
вт	1263 	втр╪г╙╥║╟шб╫й╟хЧ	18912371263	533422198902111263	6222020118912301263	
вт	1264 	втр╪г╙╥║╟шб╫й╟ка	18912371264	533422198902111264	6222020118912301264	
вт	1265 	втр╪г╙╥║╟шб╫й╟нИ	18912371265	533422198902111265	6222020118912301265	
вт	1266 	втр╪г╙╥║╟шб╫й╟б╫	18912371266	533422198902111266	6222020118912301266	
вт	1267 	втр╪г╙╥║╟шб╫й╟фБ	18912371267	533422198902111267	6222020118912301267	
вт	1268 	втр╪г╙╥║╟шб╫й╟╟ф	18912371268	533422198902111268	6222020118912301268	
вт	1269 	втр╪г╙╥║╟шб╫й╟╬а	18912371269	533422198902111269	6222020118912301269	
вт	1270 	втр╪г╙╥║╟шфБй╟	18912371270	533422198902111270	6222020118912301270	
вт	1271 	втр╪г╙╥║╟шфБй╟р╪	18912371271	533422198902111271	6222020118912301271	
вт	1272 	втр╪г╙╥║╟шфБй╟╥║	18912371272	533422198902111272	6222020118912301272	
вт	1273 	втр╪г╙╥║╟шфБй╟хЧ	18912371273	533422198902111273	6222020118912301273	
вт	1274 	втр╪г╙╥║╟шфБй╟ка	18912371274	533422198902111274	6222020118912301274	
вт	1275 	втр╪г╙╥║╟шфБй╟нИ	18912371275	533422198902111275	6222020118912301275	
вт	1276 	втр╪г╙╥║╟шфБй╟б╫	18912371276	533422198902111276	6222020118912301276	
вт	1277 	втр╪г╙╥║╟шфБй╟фБ	18912371277	533422198902111277	6222020118912301277	
вт	1278 	втр╪г╙╥║╟шфБй╟╟ф	18912371278	533422198902111278	6222020118912301278	
вт	1279 	втр╪г╙╥║╟шфБй╟╬а	18912371279	533422198902111279	6222020118912301279	
вт	1280 	втр╪г╙╥║╟ш╟фй╟	18912371280	533422198902111280	6222020118912301280	
вт	1281 	втр╪г╙╥║╟ш╟фй╟р╪	18912371281	533422198902111281	6222020118912301281	
вт	1282 	втр╪г╙╥║╟ш╟фй╟╥║	18912371282	533422198902111282	6222020118912301282	
вт	1283 	втр╪г╙╥║╟ш╟фй╟хЧ	18912371283	533422198902111283	6222020118912301283	
вт	1284 	втр╪г╙╥║╟ш╟фй╟ка	18912371284	533422198902111284	6222020118912301284	
вт	1285 	втр╪г╙╥║╟ш╟фй╟нИ	18912371285	533422198902111285	6222020118912301285	
вт	1286 	втр╪г╙╥║╟ш╟фй╟б╫	18912371286	533422198902111286	6222020118912301286	
вт	1287 	втр╪г╙╥║╟ш╟фй╟фБ	18912371287	533422198902111287	6222020118912301287	
вт	1288 	втр╪г╙╥║╟ш╟фй╟╟ф	18912371288	533422198902111288	6222020118912301288	
вт	1289 	втр╪г╙╥║╟ш╟фй╟╬а	18912371289	533422198902111289	6222020118912301289	
вт	1290 	втр╪г╙╥║╟ш╬ай╟	18912371290	533422198902111290	6222020118912301290	
вт	1291 	втр╪г╙╥║╟ш╬ай╟р╪	18912371291	533422198902111291	6222020118912301291	
